profile,test_month,pool,q_open,q_watch,q_confirm,exit,test_trades,test_win_rate,test_mean,test_median,test_sum,test_worst
QUALITY,2026-05,all3plus,0.75,0.25,0.8,H2,10,0.4,0.002897392861280934,-0.004756242568370983,0.02897392861280934,-0.07309582309582319
QUALITY,2026-06,lifecycle,0.55,0.25,0.5,H2,40,0.4,-0.005078636874936737,-0.007754976726846052,-0.2031454749974695,-0.1478696741854637
QUALITY,2026-07,all3plus,0.75,0.25,0.8,H2,6,0.3333333333333333,-0.03355291931947282,-0.03942215055809434,-0.2013175159168369,-0.15961150815466374
BALANCED,2026-05,all3plus,0.75,0.25,0.8,H3,10,0.2,-0.056485846605008085,-0.045258789174771885,-0.5648584660500808,-0.13943488943488946
BALANCED,2026-06,lifecycle,0.55,0.25,0.5,H2,40,0.4,-0.005078636874936737,-0.007754976726846052,-0.2031454749974695,-0.1478696741854637
BALANCED,2026-07,max,0.55,0.25,0.5,SL10_TP25_H5,13,0.23076923076923078,-0.09185723992100239,-0.11206896551724133,-1.194144118973031,-0.1887568555758683
QUANTITY,2026-05,wide,0.55,0.25,0.5,SL8_TP20_H5,20,0.25,-0.03185787758666457,-0.05435015112764474,-0.6371575517332915,-0.1639477977161501
QUANTITY,2026-06,ultra,0.55,0.25,0.5,H2,40,0.35,-0.00791642263156139,-0.011455038619772762,-0.3166569052624556,-0.14210526315789485
QUANTITY,2026-07,lifecycle,0.55,0.25,0.5,SL8_TP20_H5,13,0.23076923076923078,-0.06747246626405558,-0.09872029250457037,-0.8771420614327224,-0.1287625418060201
