month,date,rows,stocks_with_minute_data,known_suspended,unknown_suspension,st_or_star_st,new_listing_initial,boards,file,bytes,MB,fields
2026-03,2026-03-02,5569,4930,16,622,182,0,"{'创业板': 1394, '北交所': 298, '沪市主板': 1744, '深市主板': 1529, '科创板': 604}",2026-03/part-01_12trading_days/date=2026-03-02/daily_stock_status.parquet,126579,0.127,"code,ts_code,date,name,market_board,market_exchange,security_status,st_label,is_st,is_star_st,is_new_listing_initial,listing_phase_trading_days,initial_no_limit_trading_days,list_date,is_suspended,suspension_status,suspension_event_type,suspend_timing,has_minute_data,minute_row_count,price_limit_type,price_limit_up_pct,price_limit_down_pct,price_limit_rule,status_source,status_confidence,status_notes"
2026-03,2026-03-03,5569,4931,14,623,183,0,"{'创业板': 1394, '北交所': 298, '沪市主板': 1744, '深市主板': 1529, '科创板': 604}",2026-03/part-01_12trading_days/date=2026-03-03/daily_stock_status.parquet,126585,0.127,"code,ts_code,date,name,market_board,market_exchange,security_status,st_label,is_st,is_star_st,is_new_listing_initial,listing_phase_trading_days,initial_no_limit_trading_days,list_date,is_suspended,suspension_status,suspension_event_type,suspend_timing,has_minute_data,minute_row_count,price_limit_type,price_limit_up_pct,price_limit_down_pct,price_limit_rule,status_source,status_confidence,status_notes"
2026-03,2026-03-04,5569,4931,13,624,183,1,"{'创业板': 1394, '北交所': 298, '沪市主板': 1744, '深市主板': 1529, '科创板': 604}",2026-03/part-01_12trading_days/date=2026-03-04/daily_stock_status.parquet,126689,0.127,"code,ts_code,date,name,market_board,market_exchange,security_status,st_label,is_st,is_star_st,is_new_listing_initial,listing_phase_trading_days,initial_no_limit_trading_days,list_date,is_suspended,suspension_status,suspension_event_type,suspend_timing,has_minute_data,minute_row_count,price_limit_type,price_limit_up_pct,price_limit_down_pct,price_limit_rule,status_source,status_confidence,status_notes"
2026-03,2026-03-05,5569,4858,12,699,183,1,"{'创业板': 1394, '北交所': 298, '沪市主板': 1744, '深市主板': 1529, '科创板': 604}",2026-03/part-01_12trading_days/date=2026-03-05/daily_stock_status.parquet,126719,0.127,"code,ts_code,date,name,market_board,market_exchange,security_status,st_label,is_st,is_star_st,is_new_listing_initial,listing_phase_trading_days,initial_no_limit_trading_days,list_date,is_suspended,suspension_status,suspension_event_type,suspend_timing,has_minute_data,minute_row_count,price_limit_type,price_limit_up_pct,price_limit_down_pct,price_limit_rule,status_source,status_confidence,status_notes"
2026-03,2026-03-06,5570,4859,12,699,183,1,"{'创业板': 1395, '北交所': 298, '沪市主板': 1744, '深市主板': 1529, '科创板': 604}",2026-03/part-01_12trading_days/date=2026-03-06/daily_stock_status.parquet,126761,0.127,"code,ts_code,date,name,market_board,market_exchange,security_status,st_label,is_st,is_star_st,is_new_listing_initial,listing_phase_trading_days,initial_no_limit_trading_days,list_date,is_suspended,suspension_status,suspension_event_type,suspend_timing,has_minute_data,minute_row_count,price_limit_type,price_limit_up_pct,price_limit_down_pct,price_limit_rule,status_source,status_confidence,status_notes"
2026-03,2026-03-09,5572,4861,9,701,183,2,"{'创业板': 1395, '北交所': 299, '沪市主板': 1744, '深市主板': 1529, '科创板': 605}",2026-03/part-01_12trading_days/date=2026-03-09/daily_stock_status.parquet,126826,0.127,"code,ts_code,date,name,market_board,market_exchange,security_status,st_label,is_st,is_star_st,is_new_listing_initial,listing_phase_trading_days,initial_no_limit_trading_days,list_date,is_suspended,suspension_status,suspension_event_type,suspend_timing,has_minute_data,minute_row_count,price_limit_type,price_limit_up_pct,price_limit_down_pct,price_limit_rule,status_source,status_confidence,status_notes"
2026-03,2026-03-10,5572,4860,11,701,183,1,"{'创业板': 1395, '北交所': 299, '沪市主板': 1744, '深市主板': 1529, '科创板': 605}",2026-03/part-01_12trading_days/date=2026-03-10/daily_stock_status.parquet,126849,0.127,"code,ts_code,date,name,market_board,market_exchange,security_status,st_label,is_st,is_star_st,is_new_listing_initial,listing_phase_trading_days,initial_no_limit_trading_days,list_date,is_suspended,suspension_status,suspension_event_type,suspend_timing,has_minute_data,minute_row_count,price_limit_type,price_limit_up_pct,price_limit_down_pct,price_limit_rule,status_source,status_confidence,status_notes"
2026-03,2026-03-11,5573,4862,8,702,183,1,"{'创业板': 1395, '北交所': 300, '沪市主板': 1744, '深市主板': 1529, '科创板': 605}",2026-03/part-01_12trading_days/date=2026-03-11/daily_stock_status.parquet,126820,0.127,"code,ts_code,date,name,market_board,market_exchange,security_status,st_label,is_st,is_star_st,is_new_listing_initial,listing_phase_trading_days,initial_no_limit_trading_days,list_date,is_suspended,suspension_status,suspension_event_type,suspend_timing,has_minute_data,minute_row_count,price_limit_type,price_limit_up_pct,price_limit_down_pct,price_limit_rule,status_source,status_confidence,status_notes"
2026-03,2026-03-12,5573,4862,8,703,183,1,"{'创业板': 1395, '北交所': 300, '沪市主板': 1744, '深市主板': 1529, '科创板': 605}",2026-03/part-01_12trading_days/date=2026-03-12/daily_stock_status.parquet,126837,0.127,"code,ts_code,date,name,market_board,market_exchange,security_status,st_label,is_st,is_star_st,is_new_listing_initial,listing_phase_trading_days,initial_no_limit_trading_days,list_date,is_suspended,suspension_status,suspension_event_type,suspend_timing,has_minute_data,minute_row_count,price_limit_type,price_limit_up_pct,price_limit_down_pct,price_limit_rule,status_source,status_confidence,status_notes"
2026-03,2026-03-13,5576,4862,9,705,183,0,"{'创业板': 1396, '北交所': 300, '沪市主板': 1744, '深市主板': 1530, '科创板': 606}",2026-03/part-01_12trading_days/date=2026-03-13/daily_stock_status.parquet,126772,0.127,"code,ts_code,date,name,market_board,market_exchange,security_status,st_label,is_st,is_star_st,is_new_listing_initial,listing_phase_trading_days,initial_no_limit_trading_days,list_date,is_suspended,suspension_status,suspension_event_type,suspend_timing,has_minute_data,minute_row_count,price_limit_type,price_limit_up_pct,price_limit_down_pct,price_limit_rule,status_source,status_confidence,status_notes"
2026-03,2026-03-16,5577,4862,10,705,183,0,"{'创业板': 1396, '北交所': 301, '沪市主板': 1744, '深市主板': 1530, '科创板': 606}",2026-03/part-01_12trading_days/date=2026-03-16/daily_stock_status.parquet,126807,0.127,"code,ts_code,date,name,market_board,market_exchange,security_status,st_label,is_st,is_star_st,is_new_listing_initial,listing_phase_trading_days,initial_no_limit_trading_days,list_date,is_suspended,suspension_status,suspension_event_type,suspend_timing,has_minute_data,minute_row_count,price_limit_type,price_limit_up_pct,price_limit_down_pct,price_limit_rule,status_source,status_confidence,status_notes"
2026-03,2026-03-17,5577,4861,12,704,183,0,"{'创业板': 1396, '北交所': 301, '沪市主板': 1744, '深市主板': 1530, '科创板': 606}",2026-03/part-01_12trading_days/date=2026-03-17/daily_stock_status.parquet,126811,0.127,"code,ts_code,date,name,market_board,market_exchange,security_status,st_label,is_st,is_star_st,is_new_listing_initial,listing_phase_trading_days,initial_no_limit_trading_days,list_date,is_suspended,suspension_status,suspension_event_type,suspend_timing,has_minute_data,minute_row_count,price_limit_type,price_limit_up_pct,price_limit_down_pct,price_limit_rule,status_source,status_confidence,status_notes"
2026-03,2026-03-18,5578,4861,12,705,183,1,"{'创业板': 1396, '北交所': 302, '沪市主板': 1744, '深市主板': 1530, '科创板': 606}",2026-03/part-02_10trading_days/date=2026-03-18/daily_stock_status.parquet,127014,0.127,"code,ts_code,date,name,market_board,market_exchange,security_status,st_label,is_st,is_star_st,is_new_listing_initial,listing_phase_trading_days,initial_no_limit_trading_days,list_date,is_suspended,suspension_status,suspension_event_type,suspend_timing,has_minute_data,minute_row_count,price_limit_type,price_limit_up_pct,price_limit_down_pct,price_limit_rule,status_source,status_confidence,status_notes"
2026-03,2026-03-19,5578,4861,12,705,183,0,"{'创业板': 1396, '北交所': 302, '沪市主板': 1744, '深市主板': 1530, '科创板': 606}",2026-03/part-02_10trading_days/date=2026-03-19/daily_stock_status.parquet,126811,0.127,"code,ts_code,date,name,market_board,market_exchange,security_status,st_label,is_st,is_star_st,is_new_listing_initial,listing_phase_trading_days,initial_no_limit_trading_days,list_date,is_suspended,suspension_status,suspension_event_type,suspend_timing,has_minute_data,minute_row_count,price_limit_type,price_limit_up_pct,price_limit_down_pct,price_limit_rule,status_source,status_confidence,status_notes"
2026-03,2026-03-20,5580,4861,12,706,182,1,"{'创业板': 1397, '北交所': 302, '沪市主板': 1745, '深市主板': 1530, '科创板': 606}",2026-03/part-02_10trading_days/date=2026-03-20/daily_stock_status.parquet,127134,0.127,"code,ts_code,date,name,market_board,market_exchange,security_status,st_label,is_st,is_star_st,is_new_listing_initial,listing_phase_trading_days,initial_no_limit_trading_days,list_date,is_suspended,suspension_status,suspension_event_type,suspend_timing,has_minute_data,minute_row_count,price_limit_type,price_limit_up_pct,price_limit_down_pct,price_limit_rule,status_source,status_confidence,status_notes"
2026-03,2026-03-23,5581,4862,9,708,182,0,"{'创业板': 1396, '北交所': 303, '沪市主板': 1745, '深市主板': 1530, '科创板': 607}",2026-03/part-02_10trading_days/date=2026-03-23/daily_stock_status.parquet,126870,0.127,"code,ts_code,date,name,market_board,market_exchange,security_status,st_label,is_st,is_star_st,is_new_listing_initial,listing_phase_trading_days,initial_no_limit_trading_days,list_date,is_suspended,suspension_status,suspension_event_type,suspend_timing,has_minute_data,minute_row_count,price_limit_type,price_limit_up_pct,price_limit_down_pct,price_limit_rule,status_source,status_confidence,status_notes"
2026-03,2026-03-24,5581,4859,11,710,183,0,"{'创业板': 1396, '北交所': 303, '沪市主板': 1745, '深市主板': 1530, '科创板': 607}",2026-03/part-02_10trading_days/date=2026-03-24/daily_stock_status.parquet,126912,0.127,"code,ts_code,date,name,market_board,market_exchange,security_status,st_label,is_st,is_star_st,is_new_listing_initial,listing_phase_trading_days,initial_no_limit_trading_days,list_date,is_suspended,suspension_status,suspension_event_type,suspend_timing,has_minute_data,minute_row_count,price_limit_type,price_limit_up_pct,price_limit_down_pct,price_limit_rule,status_source,status_confidence,status_notes"
2026-03,2026-03-25,5582,4861,12,709,183,2,"{'创业板': 1396, '北交所': 304, '沪市主板': 1745, '深市主板': 1530, '科创板': 607}",2026-03/part-02_10trading_days/date=2026-03-25/daily_stock_status.parquet,127132,0.127,"code,ts_code,date,name,market_board,market_exchange,security_status,st_label,is_st,is_star_st,is_new_listing_initial,listing_phase_trading_days,initial_no_limit_trading_days,list_date,is_suspended,suspension_status,suspension_event_type,suspend_timing,has_minute_data,minute_row_count,price_limit_type,price_limit_up_pct,price_limit_down_pct,price_limit_rule,status_source,status_confidence,status_notes"
2026-03,2026-03-26,5582,4859,13,709,183,2,"{'创业板': 1396, '北交所': 304, '沪市主板': 1745, '深市主板': 1530, '科创板': 607}",2026-03/part-02_10trading_days/date=2026-03-26/daily_stock_status.parquet,127105,0.127,"code,ts_code,date,name,market_board,market_exchange,security_status,st_label,is_st,is_star_st,is_new_listing_initial,listing_phase_trading_days,initial_no_limit_trading_days,list_date,is_suspended,suspension_status,suspension_event_type,suspend_timing,has_minute_data,minute_row_count,price_limit_type,price_limit_up_pct,price_limit_down_pct,price_limit_rule,status_source,status_confidence,status_notes"
2026-03,2026-03-27,5583,4855,17,710,182,3,"{'创业板': 1397, '北交所': 304, '沪市主板': 1745, '深市主板': 1530, '科创板': 607}",2026-03/part-02_10trading_days/date=2026-03-27/daily_stock_status.parquet,127184,0.127,"code,ts_code,date,name,market_board,market_exchange,security_status,st_label,is_st,is_star_st,is_new_listing_initial,listing_phase_trading_days,initial_no_limit_trading_days,list_date,is_suspended,suspension_status,suspension_event_type,suspend_timing,has_minute_data,minute_row_count,price_limit_type,price_limit_up_pct,price_limit_down_pct,price_limit_rule,status_source,status_confidence,status_notes"
2026-03,2026-03-30,5586,4854,20,712,181,3,"{'创业板': 1398, '北交所': 305, '沪市主板': 1746, '深市主板': 1530, '科创板': 607}",2026-03/part-02_10trading_days/date=2026-03-30/daily_stock_status.parquet,127322,0.127,"code,ts_code,date,name,market_board,market_exchange,security_status,st_label,is_st,is_star_st,is_new_listing_initial,listing_phase_trading_days,initial_no_limit_trading_days,list_date,is_suspended,suspension_status,suspension_event_type,suspend_timing,has_minute_data,minute_row_count,price_limit_type,price_limit_up_pct,price_limit_down_pct,price_limit_rule,status_source,status_confidence,status_notes"
2026-03,2026-03-31,5586,4858,17,708,181,5,"{'创业板': 1398, '北交所': 305, '沪市主板': 1746, '深市主板': 1530, '科创板': 607}",2026-03/part-02_10trading_days/date=2026-03-31/daily_stock_status.parquet,127314,0.127,"code,ts_code,date,name,market_board,market_exchange,security_status,st_label,is_st,is_star_st,is_new_listing_initial,listing_phase_trading_days,initial_no_limit_trading_days,list_date,is_suspended,suspension_status,suspension_event_type,suspend_timing,has_minute_data,minute_row_count,price_limit_type,price_limit_up_pct,price_limit_down_pct,price_limit_rule,status_source,status_confidence,status_notes"
2026-04,2026-04-01,5588,4860,15,712,181,3,"{'创业板': 1397, '北交所': 306, '沪市主板': 1746, '深市主板': 1531, '科创板': 608}",2026-04/part-01_12trading_days/date=2026-04-01/daily_stock_status.parquet,127304,0.127,"code,ts_code,date,name,market_board,market_exchange,security_status,st_label,is_st,is_star_st,is_new_listing_initial,listing_phase_trading_days,initial_no_limit_trading_days,list_date,is_suspended,suspension_status,suspension_event_type,suspend_timing,has_minute_data,minute_row_count,price_limit_type,price_limit_up_pct,price_limit_down_pct,price_limit_rule,status_source,status_confidence,status_notes"
2026-04,2026-04-02,5588,4860,15,713,181,3,"{'创业板': 1397, '北交所': 306, '沪市主板': 1746, '深市主板': 1531, '科创板': 608}",2026-04/part-01_12trading_days/date=2026-04-02/daily_stock_status.parquet,127299,0.127,"code,ts_code,date,name,market_board,market_exchange,security_status,st_label,is_st,is_star_st,is_new_listing_initial,listing_phase_trading_days,initial_no_limit_trading_days,list_date,is_suspended,suspension_status,suspension_event_type,suspend_timing,has_minute_data,minute_row_count,price_limit_type,price_limit_up_pct,price_limit_down_pct,price_limit_rule,status_source,status_confidence,status_notes"
2026-04,2026-04-03,5588,4860,14,713,181,3,"{'创业板': 1397, '北交所': 306, '沪市主板': 1746, '深市主板': 1531, '科创板': 608}",2026-04/part-01_12trading_days/date=2026-04-03/daily_stock_status.parquet,127292,0.127,"code,ts_code,date,name,market_board,market_exchange,security_status,st_label,is_st,is_star_st,is_new_listing_initial,listing_phase_trading_days,initial_no_limit_trading_days,list_date,is_suspended,suspension_status,suspension_event_type,suspend_timing,has_minute_data,minute_row_count,price_limit_type,price_limit_up_pct,price_limit_down_pct,price_limit_rule,status_source,status_confidence,status_notes"
2026-04,2026-04-07,5590,4861,16,713,181,3,"{'创业板': 1397, '北交所': 307, '沪市主板': 1746, '深市主板': 1531, '科创板': 609}",2026-04/part-01_12trading_days/date=2026-04-07/daily_stock_status.parquet,127361,0.127,"code,ts_code,date,name,market_board,market_exchange,security_status,st_label,is_st,is_star_st,is_new_listing_initial,listing_phase_trading_days,initial_no_limit_trading_days,list_date,is_suspended,suspension_status,suspension_event_type,suspend_timing,has_minute_data,minute_row_count,price_limit_type,price_limit_up_pct,price_limit_down_pct,price_limit_rule,status_source,status_confidence,status_notes"
2026-04,2026-04-08,5590,4863,12,712,183,3,"{'创业板': 1397, '北交所': 307, '沪市主板': 1746, '深市主板': 1531, '科创板': 609}",2026-04/part-01_12trading_days/date=2026-04-08/daily_stock_status.parquet,127338,0.127,"code,ts_code,date,name,market_board,market_exchange,security_status,st_label,is_st,is_star_st,is_new_listing_initial,listing_phase_trading_days,initial_no_limit_trading_days,list_date,is_suspended,suspension_status,suspension_event_type,suspend_timing,has_minute_data,minute_row_count,price_limit_type,price_limit_up_pct,price_limit_down_pct,price_limit_rule,status_source,status_confidence,status_notes"
2026-04,2026-04-09,5591,4864,11,716,183,1,"{'创业板': 1397, '北交所': 308, '沪市主板': 1746, '深市主板': 1531, '科创板': 609}",2026-04/part-01_12trading_days/date=2026-04-09/daily_stock_status.parquet,127284,0.127,"code,ts_code,date,name,market_board,market_exchange,security_status,st_label,is_st,is_star_st,is_new_listing_initial,listing_phase_trading_days,initial_no_limit_trading_days,list_date,is_suspended,suspension_status,suspension_event_type,suspend_timing,has_minute_data,minute_row_count,price_limit_type,price_limit_up_pct,price_limit_down_pct,price_limit_rule,status_source,status_confidence,status_notes"
2026-04,2026-04-10,5591,4867,10,714,183,4,"{'创业板': 1397, '北交所': 308, '沪市主板': 1746, '深市主板': 1531, '科创板': 609}",2026-04/part-01_12trading_days/date=2026-04-10/daily_stock_status.parquet,127332,0.127,"code,ts_code,date,name,market_board,market_exchange,security_status,st_label,is_st,is_star_st,is_new_listing_initial,listing_phase_trading_days,initial_no_limit_trading_days,list_date,is_suspended,suspension_status,suspension_event_type,suspend_timing,has_minute_data,minute_row_count,price_limit_type,price_limit_up_pct,price_limit_down_pct,price_limit_rule,status_source,status_confidence,status_notes"
2026-04,2026-04-13,5594,4868,11,715,183,4,"{'创业板': 1398, '北交所': 310, '沪市主板': 1746, '深市主板': 1531, '科创板': 609}",2026-04/part-01_12trading_days/date=2026-04-13/daily_stock_status.parquet,127444,0.127,"code,ts_code,date,name,market_board,market_exchange,security_status,st_label,is_st,is_star_st,is_new_listing_initial,listing_phase_trading_days,initial_no_limit_trading_days,list_date,is_suspended,suspension_status,suspension_event_type,suspend_timing,has_minute_data,minute_row_count,price_limit_type,price_limit_up_pct,price_limit_down_pct,price_limit_rule,status_source,status_confidence,status_notes"
2026-04,2026-04-14,5594,4869,9,714,184,3,"{'创业板': 1398, '北交所': 310, '沪市主板': 1746, '深市主板': 1531, '科创板': 609}",2026-04/part-01_12trading_days/date=2026-04-14/daily_stock_status.parquet,127401,0.127,"code,ts_code,date,name,market_board,market_exchange,security_status,st_label,is_st,is_star_st,is_new_listing_initial,listing_phase_trading_days,initial_no_limit_trading_days,list_date,is_suspended,suspension_status,suspension_event_type,suspend_timing,has_minute_data,minute_row_count,price_limit_type,price_limit_up_pct,price_limit_down_pct,price_limit_rule,status_source,status_confidence,status_notes"
2026-04,2026-04-15,5595,4867,11,717,184,2,"{'创业板': 1398, '北交所': 311, '沪市主板': 1746, '深市主板': 1531, '科创板': 609}",2026-04/part-01_12trading_days/date=2026-04-15/daily_stock_status.parquet,127467,0.127,"code,ts_code,date,name,market_board,market_exchange,security_status,st_label,is_st,is_star_st,is_new_listing_initial,listing_phase_trading_days,initial_no_limit_trading_days,list_date,is_suspended,suspension_status,suspension_event_type,suspend_timing,has_minute_data,minute_row_count,price_limit_type,price_limit_up_pct,price_limit_down_pct,price_limit_rule,status_source,status_confidence,status_notes"
2026-04,2026-04-16,5595,4870,10,715,183,5,"{'创业板': 1398, '北交所': 311, '沪市主板': 1746, '深市主板': 1531, '科创板': 609}",2026-04/part-01_12trading_days/date=2026-04-16/daily_stock_status.parquet,127453,0.127,"code,ts_code,date,name,market_board,market_exchange,security_status,st_label,is_st,is_star_st,is_new_listing_initial,listing_phase_trading_days,initial_no_limit_trading_days,list_date,is_suspended,suspension_status,suspension_event_type,suspend_timing,has_minute_data,minute_row_count,price_limit_type,price_limit_up_pct,price_limit_down_pct,price_limit_rule,status_source,status_confidence,status_notes"
2026-04,2026-04-17,5596,4870,12,714,183,3,"{'创业板': 1399, '北交所': 311, '沪市主板': 1746, '深市主板': 1531, '科创板': 609}",2026-04/part-01_12trading_days/date=2026-04-17/daily_stock_status.parquet,127449,0.127,"code,ts_code,date,name,market_board,market_exchange,security_status,st_label,is_st,is_star_st,is_new_listing_initial,listing_phase_trading_days,initial_no_limit_trading_days,list_date,is_suspended,suspension_status,suspension_event_type,suspend_timing,has_minute_data,minute_row_count,price_limit_type,price_limit_up_pct,price_limit_down_pct,price_limit_rule,status_source,status_confidence,status_notes"
2026-04,2026-04-20,5597,4868,17,712,181,4,"{'创业板': 1399, '北交所': 311, '沪市主板': 1747, '深市主板': 1531, '科创板': 609}",2026-04/part-02_9trading_days/date=2026-04-20/daily_stock_status.parquet,127522,0.128,"code,ts_code,date,name,market_board,market_exchange,security_status,st_label,is_st,is_star_st,is_new_listing_initial,listing_phase_trading_days,initial_no_limit_trading_days,list_date,is_suspended,suspension_status,suspension_event_type,suspend_timing,has_minute_data,minute_row_count,price_limit_type,price_limit_up_pct,price_limit_down_pct,price_limit_rule,status_source,status_confidence,status_notes"
2026-04,2026-04-21,5597,4873,14,707,182,5,"{'创业板': 1399, '北交所': 311, '沪市主板': 1747, '深市主板': 1531, '科创板': 609}",2026-04/part-02_9trading_days/date=2026-04-21/daily_stock_status.parquet,127501,0.128,"code,ts_code,date,name,market_board,market_exchange,security_status,st_label,is_st,is_star_st,is_new_listing_initial,listing_phase_trading_days,initial_no_limit_trading_days,list_date,is_suspended,suspension_status,suspension_event_type,suspend_timing,has_minute_data,minute_row_count,price_limit_type,price_limit_up_pct,price_limit_down_pct,price_limit_rule,status_source,status_confidence,status_notes"
2026-04,2026-04-22,5598,4871,14,709,184,5,"{'创业板': 1399, '北交所': 312, '沪市主板': 1747, '深市主板': 1531, '科创板': 609}",2026-04/part-02_9trading_days/date=2026-04-22/daily_stock_status.parquet,127512,0.128,"code,ts_code,date,name,market_board,market_exchange,security_status,st_label,is_st,is_star_st,is_new_listing_initial,listing_phase_trading_days,initial_no_limit_trading_days,list_date,is_suspended,suspension_status,suspension_event_type,suspend_timing,has_minute_data,minute_row_count,price_limit_type,price_limit_up_pct,price_limit_down_pct,price_limit_rule,status_source,status_confidence,status_notes"
2026-04,2026-04-23,5598,4870,17,709,185,3,"{'创业板': 1399, '北交所': 312, '沪市主板': 1747, '深市主板': 1531, '科创板': 609}",2026-04/part-02_9trading_days/date=2026-04-23/daily_stock_status.parquet,127526,0.128,"code,ts_code,date,name,market_board,market_exchange,security_status,st_label,is_st,is_star_st,is_new_listing_initial,listing_phase_trading_days,initial_no_limit_trading_days,list_date,is_suspended,suspension_status,suspension_event_type,suspend_timing,has_minute_data,minute_row_count,price_limit_type,price_limit_up_pct,price_limit_down_pct,price_limit_rule,status_source,status_confidence,status_notes"
2026-04,2026-04-24,5599,4872,17,706,189,4,"{'创业板': 1399, '北交所': 312, '沪市主板': 1747, '深市主板': 1532, '科创板': 609}",2026-04/part-02_9trading_days/date=2026-04-24/daily_stock_status.parquet,127560,0.128,"code,ts_code,date,name,market_board,market_exchange,security_status,st_label,is_st,is_star_st,is_new_listing_initial,listing_phase_trading_days,initial_no_limit_trading_days,list_date,is_suspended,suspension_status,suspension_event_type,suspend_timing,has_minute_data,minute_row_count,price_limit_type,price_limit_up_pct,price_limit_down_pct,price_limit_rule,status_source,status_confidence,status_notes"
2026-04,2026-04-27,5601,4872,19,704,192,4,"{'创业板': 1399, '北交所': 313, '沪市主板': 1747, '深市主板': 1533, '科创板': 609}",2026-04/part-02_9trading_days/date=2026-04-27/daily_stock_status.parquet,127658,0.128,"code,ts_code,date,name,market_board,market_exchange,security_status,st_label,is_st,is_star_st,is_new_listing_initial,listing_phase_trading_days,initial_no_limit_trading_days,list_date,is_suspended,suspension_status,suspension_event_type,suspend_timing,has_minute_data,minute_row_count,price_limit_type,price_limit_up_pct,price_limit_down_pct,price_limit_rule,status_source,status_confidence,status_notes"
2026-04,2026-04-28,5601,4873,26,694,199,1,"{'创业板': 1399, '北交所': 313, '沪市主板': 1747, '深市主板': 1533, '科创板': 609}",2026-04/part-02_9trading_days/date=2026-04-28/daily_stock_status.parquet,127683,0.128,"code,ts_code,date,name,market_board,market_exchange,security_status,st_label,is_st,is_star_st,is_new_listing_initial,listing_phase_trading_days,initial_no_limit_trading_days,list_date,is_suspended,suspension_status,suspension_event_type,suspend_timing,has_minute_data,minute_row_count,price_limit_type,price_limit_up_pct,price_limit_down_pct,price_limit_rule,status_source,status_confidence,status_notes"
2026-04,2026-04-29,5601,4873,53,661,210,2,"{'创业板': 1399, '北交所': 313, '沪市主板': 1747, '深市主板': 1533, '科创板': 609}",2026-04/part-02_9trading_days/date=2026-04-29/daily_stock_status.parquet,127892,0.128,"code,ts_code,date,name,market_board,market_exchange,security_status,st_label,is_st,is_star_st,is_new_listing_initial,listing_phase_trading_days,initial_no_limit_trading_days,list_date,is_suspended,suspension_status,suspension_event_type,suspend_timing,has_minute_data,minute_row_count,price_limit_type,price_limit_up_pct,price_limit_down_pct,price_limit_rule,status_source,status_confidence,status_notes"
2026-04,2026-04-30,5601,4873,57,632,242,2,"{'创业板': 1399, '北交所': 313, '沪市主板': 1747, '深市主板': 1533, '科创板': 609}",2026-04/part-02_9trading_days/date=2026-04-30/daily_stock_status.parquet,128257,0.128,"code,ts_code,date,name,market_board,market_exchange,security_status,st_label,is_st,is_star_st,is_new_listing_initial,listing_phase_trading_days,initial_no_limit_trading_days,list_date,is_suspended,suspension_status,suspension_event_type,suspend_timing,has_minute_data,minute_row_count,price_limit_type,price_limit_up_pct,price_limit_down_pct,price_limit_rule,status_source,status_confidence,status_notes"
2026-05,2026-05-06,5604,4872,26,672,270,1,"{'创业板': 1399, '北交所': 314, '沪市主板': 1748, '深市主板': 1534, '科创板': 609}",2026-05/part-01_12trading_days/date=2026-05-06/daily_stock_status.parquet,128241,0.128,"code,ts_code,date,name,market_board,market_exchange,security_status,st_label,is_st,is_star_st,is_new_listing_initial,listing_phase_trading_days,initial_no_limit_trading_days,list_date,is_suspended,suspension_status,suspension_event_type,suspend_timing,has_minute_data,minute_row_count,price_limit_type,price_limit_up_pct,price_limit_down_pct,price_limit_rule,status_source,status_confidence,status_notes"
2026-05,2026-05-07,5604,4874,25,705,270,2,"{'创业板': 1399, '北交所': 314, '沪市主板': 1748, '深市主板': 1534, '科创板': 609}",2026-05/part-01_12trading_days/date=2026-05-07/daily_stock_status.parquet,128315,0.128,"code,ts_code,date,name,market_board,market_exchange,security_status,st_label,is_st,is_star_st,is_new_listing_initial,listing_phase_trading_days,initial_no_limit_trading_days,list_date,is_suspended,suspension_status,suspension_event_type,suspend_timing,has_minute_data,minute_row_count,price_limit_type,price_limit_up_pct,price_limit_down_pct,price_limit_rule,status_source,status_confidence,status_notes"
2026-05,2026-05-08,5604,4874,26,704,270,1,"{'创业板': 1399, '北交所': 314, '沪市主板': 1748, '深市主板': 1534, '科创板': 609}",2026-05/part-01_12trading_days/date=2026-05-08/daily_stock_status.parquet,128134,0.128,"code,ts_code,date,name,market_board,market_exchange,security_status,st_label,is_st,is_star_st,is_new_listing_initial,listing_phase_trading_days,initial_no_limit_trading_days,list_date,is_suspended,suspension_status,suspension_event_type,suspend_timing,has_minute_data,minute_row_count,price_limit_type,price_limit_up_pct,price_limit_down_pct,price_limit_rule,status_source,status_confidence,status_notes"
2026-05,2026-05-11,5605,4875,29,701,270,3,"{'创业板': 1399, '北交所': 314, '沪市主板': 1748, '深市主板': 1534, '科创板': 610}",2026-05/part-01_12trading_days/date=2026-05-11/daily_stock_status.parquet,128279,0.128,"code,ts_code,date,name,market_board,market_exchange,security_status,st_label,is_st,is_star_st,is_new_listing_initial,listing_phase_trading_days,initial_no_limit_trading_days,list_date,is_suspended,suspension_status,suspension_event_type,suspend_timing,has_minute_data,minute_row_count,price_limit_type,price_limit_up_pct,price_limit_down_pct,price_limit_rule,status_source,status_confidence,status_notes"
2026-05,2026-05-12,5605,4871,29,702,271,2,"{'创业板': 1399, '北交所': 314, '沪市主板': 1748, '深市主板': 1534, '科创板': 610}",2026-05/part-01_12trading_days/date=2026-05-12/daily_stock_status.parquet,128214,0.128,"code,ts_code,date,name,market_board,market_exchange,security_status,st_label,is_st,is_star_st,is_new_listing_initial,listing_phase_trading_days,initial_no_limit_trading_days,list_date,is_suspended,suspension_status,suspension_event_type,suspend_timing,has_minute_data,minute_row_count,price_limit_type,price_limit_up_pct,price_limit_down_pct,price_limit_rule,status_source,status_confidence,status_notes"
2026-05,2026-05-13,5606,4875,26,705,268,2,"{'创业板': 1399, '北交所': 315, '沪市主板': 1748, '深市主板': 1534, '科创板': 610}",2026-05/part-01_12trading_days/date=2026-05-13/daily_stock_status.parquet,128236,0.128,"code,ts_code,date,name,market_board,market_exchange,security_status,st_label,is_st,is_star_st,is_new_listing_initial,listing_phase_trading_days,initial_no_limit_trading_days,list_date,is_suspended,suspension_status,suspension_event_type,suspend_timing,has_minute_data,minute_row_count,price_limit_type,price_limit_up_pct,price_limit_down_pct,price_limit_rule,status_source,status_confidence,status_notes"
2026-05,2026-05-14,5606,4875,26,705,267,2,"{'创业板': 1399, '北交所': 315, '沪市主板': 1748, '深市主板': 1534, '科创板': 610}",2026-05/part-01_12trading_days/date=2026-05-14/daily_stock_status.parquet,128204,0.128,"code,ts_code,date,name,market_board,market_exchange,security_status,st_label,is_st,is_star_st,is_new_listing_initial,listing_phase_trading_days,initial_no_limit_trading_days,list_date,is_suspended,suspension_status,suspension_event_type,suspend_timing,has_minute_data,minute_row_count,price_limit_type,price_limit_up_pct,price_limit_down_pct,price_limit_rule,status_source,status_confidence,status_notes"
2026-05,2026-05-15,5606,4876,26,704,267,4,"{'创业板': 1399, '北交所': 315, '沪市主板': 1748, '深市主板': 1534, '科创板': 610}",2026-05/part-01_12trading_days/date=2026-05-15/daily_stock_status.parquet,128228,0.128,"code,ts_code,date,name,market_board,market_exchange,security_status,st_label,is_st,is_star_st,is_new_listing_initial,listing_phase_trading_days,initial_no_limit_trading_days,list_date,is_suspended,suspension_status,suspension_event_type,suspend_timing,has_minute_data,minute_row_count,price_limit_type,price_limit_up_pct,price_limit_down_pct,price_limit_rule,status_source,status_confidence,status_notes"
2026-05,2026-05-18,5607,4879,25,703,266,3,"{'创业板': 1399, '北交所': 316, '沪市主板': 1748, '深市主板': 1534, '科创板': 610}",2026-05/part-01_12trading_days/date=2026-05-18/daily_stock_status.parquet,128309,0.128,"code,ts_code,date,name,market_board,market_exchange,security_status,st_label,is_st,is_star_st,is_new_listing_initial,listing_phase_trading_days,initial_no_limit_trading_days,list_date,is_suspended,suspension_status,suspension_event_type,suspend_timing,has_minute_data,minute_row_count,price_limit_type,price_limit_up_pct,price_limit_down_pct,price_limit_rule,status_source,status_confidence,status_notes"
2026-05,2026-05-19,5607,4874,29,703,265,2,"{'创业板': 1399, '北交所': 316, '沪市主板': 1748, '深市主板': 1534, '科创板': 610}",2026-05/part-01_12trading_days/date=2026-05-19/daily_stock_status.parquet,128193,0.128,"code,ts_code,date,name,market_board,market_exchange,security_status,st_label,is_st,is_star_st,is_new_listing_initial,listing_phase_trading_days,initial_no_limit_trading_days,list_date,is_suspended,suspension_status,suspension_event_type,suspend_timing,has_minute_data,minute_row_count,price_limit_type,price_limit_up_pct,price_limit_down_pct,price_limit_rule,status_source,status_confidence,status_notes"
2026-05,2026-05-20,5607,4877,25,704,261,2,"{'创业板': 1399, '北交所': 317, '沪市主板': 1748, '深市主板': 1534, '科创板': 609}",2026-05/part-01_12trading_days/date=2026-05-20/daily_stock_status.parquet,128111,0.128,"code,ts_code,date,name,market_board,market_exchange,security_status,st_label,is_st,is_star_st,is_new_listing_initial,listing_phase_trading_days,initial_no_limit_trading_days,list_date,is_suspended,suspension_status,suspension_event_type,suspend_timing,has_minute_data,minute_row_count,price_limit_type,price_limit_up_pct,price_limit_down_pct,price_limit_rule,status_source,status_confidence,status_notes"
2026-05,2026-05-21,5607,4880,22,705,259,2,"{'创业板': 1399, '北交所': 317, '沪市主板': 1748, '深市主板': 1534, '科创板': 609}",2026-05/part-01_12trading_days/date=2026-05-21/daily_stock_status.parquet,128066,0.128,"code,ts_code,date,name,market_board,market_exchange,security_status,st_label,is_st,is_star_st,is_new_listing_initial,listing_phase_trading_days,initial_no_limit_trading_days,list_date,is_suspended,suspension_status,suspension_event_type,suspend_timing,has_minute_data,minute_row_count,price_limit_type,price_limit_up_pct,price_limit_down_pct,price_limit_rule,status_source,status_confidence,status_notes"
2026-05,2026-05-22,5608,4882,24,704,259,4,"{'创业板': 1400, '北交所': 317, '沪市主板': 1748, '深市主板': 1534, '科创板': 609}",2026-05/part-02_6trading_days/date=2026-05-22/daily_stock_status.parquet,128234,0.128,"code,ts_code,date,name,market_board,market_exchange,security_status,st_label,is_st,is_star_st,is_new_listing_initial,listing_phase_trading_days,initial_no_limit_trading_days,list_date,is_suspended,suspension_status,suspension_event_type,suspend_timing,has_minute_data,minute_row_count,price_limit_type,price_limit_up_pct,price_limit_down_pct,price_limit_rule,status_source,status_confidence,status_notes"
2026-05,2026-05-25,5609,4882,22,705,258,2,"{'创业板': 1400, '北交所': 318, '沪市主板': 1748, '深市主板': 1534, '科创板': 609}",2026-05/part-02_6trading_days/date=2026-05-25/daily_stock_status.parquet,128124,0.128,"code,ts_code,date,name,market_board,market_exchange,security_status,st_label,is_st,is_star_st,is_new_listing_initial,listing_phase_trading_days,initial_no_limit_trading_days,list_date,is_suspended,suspension_status,suspension_event_type,suspend_timing,has_minute_data,minute_row_count,price_limit_type,price_limit_up_pct,price_limit_down_pct,price_limit_rule,status_source,status_confidence,status_notes"
2026-05,2026-05-26,5609,4882,22,705,258,2,"{'创业板': 1400, '北交所': 318, '沪市主板': 1748, '深市主板': 1534, '科创板': 609}",2026-05/part-02_6trading_days/date=2026-05-26/daily_stock_status.parquet,128127,0.128,"code,ts_code,date,name,market_board,market_exchange,security_status,st_label,is_st,is_star_st,is_new_listing_initial,listing_phase_trading_days,initial_no_limit_trading_days,list_date,is_suspended,suspension_status,suspension_event_type,suspend_timing,has_minute_data,minute_row_count,price_limit_type,price_limit_up_pct,price_limit_down_pct,price_limit_rule,status_source,status_confidence,status_notes"
2026-05,2026-05-27,5610,4882,22,705,258,4,"{'创业板': 1400, '北交所': 319, '沪市主板': 1748, '深市主板': 1534, '科创板': 609}",2026-05/part-02_6trading_days/date=2026-05-27/daily_stock_status.parquet,128186,0.128,"code,ts_code,date,name,market_board,market_exchange,security_status,st_label,is_st,is_star_st,is_new_listing_initial,listing_phase_trading_days,initial_no_limit_trading_days,list_date,is_suspended,suspension_status,suspension_event_type,suspend_timing,has_minute_data,minute_row_count,price_limit_type,price_limit_up_pct,price_limit_down_pct,price_limit_rule,status_source,status_confidence,status_notes"
2026-05,2026-05-28,5610,4882,22,706,257,3,"{'创业板': 1400, '北交所': 319, '沪市主板': 1748, '深市主板': 1534, '科创板': 609}",2026-05/part-02_6trading_days/date=2026-05-28/daily_stock_status.parquet,128146,0.128,"code,ts_code,date,name,market_board,market_exchange,security_status,st_label,is_st,is_star_st,is_new_listing_initial,listing_phase_trading_days,initial_no_limit_trading_days,list_date,is_suspended,suspension_status,suspension_event_type,suspend_timing,has_minute_data,minute_row_count,price_limit_type,price_limit_up_pct,price_limit_down_pct,price_limit_rule,status_source,status_confidence,status_notes"
2026-05,2026-05-29,5612,4881,25,706,257,2,"{'创业板': 1402, '北交所': 319, '沪市主板': 1748, '深市主板': 1534, '科创板': 609}",2026-05/part-02_6trading_days/date=2026-05-29/daily_stock_status.parquet,128185,0.128,"code,ts_code,date,name,market_board,market_exchange,security_status,st_label,is_st,is_star_st,is_new_listing_initial,listing_phase_trading_days,initial_no_limit_trading_days,list_date,is_suspended,suspension_status,suspension_event_type,suspend_timing,has_minute_data,minute_row_count,price_limit_type,price_limit_up_pct,price_limit_down_pct,price_limit_rule,status_source,status_confidence,status_notes"
2026-06,2026-06-01,5613,4879,26,707,252,1,"{'创业板': 1402, '北交所': 320, '沪市主板': 1748, '深市主板': 1534, '科创板': 609}",2026-06/part-01_12trading_days/date=2026-06-01/daily_stock_status.parquet,128286,0.128,"code,ts_code,date,name,market_board,market_exchange,security_status,st_label,is_st,is_star_st,is_new_listing_initial,listing_phase_trading_days,initial_no_limit_trading_days,list_date,is_suspended,suspension_status,suspension_event_type,suspend_timing,has_minute_data,minute_row_count,price_limit_type,price_limit_up_pct,price_limit_down_pct,price_limit_rule,status_source,status_confidence,status_notes"
2026-06,2026-06-02,5609,4878,24,707,250,1,"{'创业板': 1402, '北交所': 320, '沪市主板': 1744, '深市主板': 1534, '科创板': 609}",2026-06/part-01_12trading_days/date=2026-06-02/daily_stock_status.parquet,128067,0.128,"code,ts_code,date,name,market_board,market_exchange,security_status,st_label,is_st,is_star_st,is_new_listing_initial,listing_phase_trading_days,initial_no_limit_trading_days,list_date,is_suspended,suspension_status,suspension_event_type,suspend_timing,has_minute_data,minute_row_count,price_limit_type,price_limit_up_pct,price_limit_down_pct,price_limit_rule,status_source,status_confidence,status_notes"
2026-06,2026-06-03,5610,4882,20,708,245,0,"{'创业板': 1402, '北交所': 321, '沪市主板': 1744, '深市主板': 1534, '科创板': 609}",2026-06/part-01_12trading_days/date=2026-06-03/daily_stock_status.parquet,127915,0.128,"code,ts_code,date,name,market_board,market_exchange,security_status,st_label,is_st,is_star_st,is_new_listing_initial,listing_phase_trading_days,initial_no_limit_trading_days,list_date,is_suspended,suspension_status,suspension_event_type,suspend_timing,has_minute_data,minute_row_count,price_limit_type,price_limit_up_pct,price_limit_down_pct,price_limit_rule,status_source,status_confidence,status_notes"
2026-06,2026-06-04,5610,4882,20,708,245,0,"{'创业板': 1402, '北交所': 321, '沪市主板': 1744, '深市主板': 1534, '科创板': 609}",2026-06/part-01_12trading_days/date=2026-06-04/daily_stock_status.parquet,127945,0.128,"code,ts_code,date,name,market_board,market_exchange,security_status,st_label,is_st,is_star_st,is_new_listing_initial,listing_phase_trading_days,initial_no_limit_trading_days,list_date,is_suspended,suspension_status,suspension_event_type,suspend_timing,has_minute_data,minute_row_count,price_limit_type,price_limit_up_pct,price_limit_down_pct,price_limit_rule,status_source,status_confidence,status_notes"
2026-06,2026-06-05,5612,4884,18,710,245,1,"{'创业板': 1402, '北交所': 321, '沪市主板': 1744, '深市主板': 1535, '科创板': 610}",2026-06/part-01_12trading_days/date=2026-06-05/daily_stock_status.parquet,128056,0.128,"code,ts_code,date,name,market_board,market_exchange,security_status,st_label,is_st,is_star_st,is_new_listing_initial,listing_phase_trading_days,initial_no_limit_trading_days,list_date,is_suspended,suspension_status,suspension_event_type,suspend_timing,has_minute_data,minute_row_count,price_limit_type,price_limit_up_pct,price_limit_down_pct,price_limit_rule,status_source,status_confidence,status_notes"
2026-06,2026-06-08,5613,4883,22,708,242,1,"{'创业板': 1402, '北交所': 322, '沪市主板': 1744, '深市主板': 1535, '科创板': 610}",2026-06/part-01_12trading_days/date=2026-06-08/daily_stock_status.parquet,128263,0.128,"code,ts_code,date,name,market_board,market_exchange,security_status,st_label,is_st,is_star_st,is_new_listing_initial,listing_phase_trading_days,initial_no_limit_trading_days,list_date,is_suspended,suspension_status,suspension_event_type,suspend_timing,has_minute_data,minute_row_count,price_limit_type,price_limit_up_pct,price_limit_down_pct,price_limit_rule,status_source,status_confidence,status_notes"
2026-06,2026-06-09,5604,4883,12,708,242,1,"{'创业板': 1399, '北交所': 322, '沪市主板': 1739, '深市主板': 1533, '科创板': 611}",2026-06/part-01_12trading_days/date=2026-06-09/daily_stock_status.parquet,127983,0.128,"code,ts_code,date,name,market_board,market_exchange,security_status,st_label,is_st,is_star_st,is_new_listing_initial,listing_phase_trading_days,initial_no_limit_trading_days,list_date,is_suspended,suspension_status,suspension_event_type,suspend_timing,has_minute_data,minute_row_count,price_limit_type,price_limit_up_pct,price_limit_down_pct,price_limit_rule,status_source,status_confidence,status_notes"
2026-06,2026-06-10,5604,4882,15,707,242,1,"{'创业板': 1399, '北交所': 322, '沪市主板': 1739, '深市主板': 1533, '科创板': 611}",2026-06/part-01_12trading_days/date=2026-06-10/daily_stock_status.parquet,128028,0.128,"code,ts_code,date,name,market_board,market_exchange,security_status,st_label,is_st,is_star_st,is_new_listing_initial,listing_phase_trading_days,initial_no_limit_trading_days,list_date,is_suspended,suspension_status,suspension_event_type,suspend_timing,has_minute_data,minute_row_count,price_limit_type,price_limit_up_pct,price_limit_down_pct,price_limit_rule,status_source,status_confidence,status_notes"
2026-06,2026-06-11,5604,4882,17,703,241,2,"{'创业板': 1399, '北交所': 322, '沪市主板': 1739, '深市主板': 1533, '科创板': 611}",2026-06/part-01_12trading_days/date=2026-06-11/daily_stock_status.parquet,128024,0.128,"code,ts_code,date,name,market_board,market_exchange,security_status,st_label,is_st,is_star_st,is_new_listing_initial,listing_phase_trading_days,initial_no_limit_trading_days,list_date,is_suspended,suspension_status,suspension_event_type,suspend_timing,has_minute_data,minute_row_count,price_limit_type,price_limit_up_pct,price_limit_down_pct,price_limit_rule,status_source,status_confidence,status_notes"
2026-06,2026-06-12,5605,4881,16,704,238,1,"{'创业板': 1399, '北交所': 322, '沪市主板': 1739, '深市主板': 1534, '科创板': 611}",2026-06/part-01_12trading_days/date=2026-06-12/daily_stock_status.parquet,128059,0.128,"code,ts_code,date,name,market_board,market_exchange,security_status,st_label,is_st,is_star_st,is_new_listing_initial,listing_phase_trading_days,initial_no_limit_trading_days,list_date,is_suspended,suspension_status,suspension_event_type,suspend_timing,has_minute_data,minute_row_count,price_limit_type,price_limit_up_pct,price_limit_down_pct,price_limit_rule,status_source,status_confidence,status_notes"
2026-06,2026-06-15,5605,4880,21,702,236,2,"{'创业板': 1399, '北交所': 322, '沪市主板': 1739, '深市主板': 1534, '科创板': 611}",2026-06/part-01_12trading_days/date=2026-06-15/daily_stock_status.parquet,128109,0.128,"code,ts_code,date,name,market_board,market_exchange,security_status,st_label,is_st,is_star_st,is_new_listing_initial,listing_phase_trading_days,initial_no_limit_trading_days,list_date,is_suspended,suspension_status,suspension_event_type,suspend_timing,has_minute_data,minute_row_count,price_limit_type,price_limit_up_pct,price_limit_down_pct,price_limit_rule,status_source,status_confidence,status_notes"
2026-06,2026-06-16,5605,4879,16,704,231,0,"{'创业板': 1399, '北交所': 322, '沪市主板': 1739, '深市主板': 1534, '科创板': 611}",2026-06/part-01_12trading_days/date=2026-06-16/daily_stock_status.parquet,127930,0.128,"code,ts_code,date,name,market_board,market_exchange,security_status,st_label,is_st,is_star_st,is_new_listing_initial,listing_phase_trading_days,initial_no_limit_trading_days,list_date,is_suspended,suspension_status,suspension_event_type,suspend_timing,has_minute_data,minute_row_count,price_limit_type,price_limit_up_pct,price_limit_down_pct,price_limit_rule,status_source,status_confidence,status_notes"
2026-06,2026-06-17,5606,4886,20,709,231,0,"{'创业板': 1399, '北交所': 323, '沪市主板': 1739, '深市主板': 1534, '科创板': 611}",2026-06/part-02_9trading_days/date=2026-06-17/daily_stock_status.parquet,127929,0.128,"code,ts_code,date,name,market_board,market_exchange,security_status,st_label,is_st,is_star_st,is_new_listing_initial,listing_phase_trading_days,initial_no_limit_trading_days,list_date,is_suspended,suspension_status,suspension_event_type,suspend_timing,has_minute_data,minute_row_count,price_limit_type,price_limit_up_pct,price_limit_down_pct,price_limit_rule,status_source,status_confidence,status_notes"
2026-06,2026-06-18,5606,4952,22,630,229,0,"{'创业板': 1399, '北交所': 323, '沪市主板': 1739, '深市主板': 1534, '科创板': 611}",2026-06/part-02_9trading_days/date=2026-06-18/daily_stock_status.parquet,127894,0.128,"code,ts_code,date,name,market_board,market_exchange,security_status,st_label,is_st,is_star_st,is_new_listing_initial,listing_phase_trading_days,initial_no_limit_trading_days,list_date,is_suspended,suspension_status,suspension_event_type,suspend_timing,has_minute_data,minute_row_count,price_limit_type,price_limit_up_pct,price_limit_down_pct,price_limit_rule,status_source,status_confidence,status_notes"
2026-06,2026-06-22,5607,4951,19,632,225,0,"{'创业板': 1399, '北交所': 324, '沪市主板': 1739, '深市主板': 1534, '科创板': 611}",2026-06/part-02_9trading_days/date=2026-06-22/daily_stock_status.parquet,127873,0.128,"code,ts_code,date,name,market_board,market_exchange,security_status,st_label,is_st,is_star_st,is_new_listing_initial,listing_phase_trading_days,initial_no_limit_trading_days,list_date,is_suspended,suspension_status,suspension_event_type,suspend_timing,has_minute_data,minute_row_count,price_limit_type,price_limit_up_pct,price_limit_down_pct,price_limit_rule,status_source,status_confidence,status_notes"
2026-06,2026-06-23,5610,4955,17,636,223,0,"{'创业板': 1399, '北交所': 324, '沪市主板': 1743, '深市主板': 1534, '科创板': 610}",2026-06/part-02_9trading_days/date=2026-06-23/daily_stock_status.parquet,128081,0.128,"code,ts_code,date,name,market_board,market_exchange,security_status,st_label,is_st,is_star_st,is_new_listing_initial,listing_phase_trading_days,initial_no_limit_trading_days,list_date,is_suspended,suspension_status,suspension_event_type,suspend_timing,has_minute_data,minute_row_count,price_limit_type,price_limit_up_pct,price_limit_down_pct,price_limit_rule,status_source,status_confidence,status_notes"
2026-06,2026-06-24,5609,4961,18,637,223,1,"{'创业板': 1399, '北交所': 325, '沪市主板': 1743, '深市主板': 1532, '科创板': 610}",2026-06/part-02_9trading_days/date=2026-06-24/daily_stock_status.parquet,128160,0.128,"code,ts_code,date,name,market_board,market_exchange,security_status,st_label,is_st,is_star_st,is_new_listing_initial,listing_phase_trading_days,initial_no_limit_trading_days,list_date,is_suspended,suspension_status,suspension_event_type,suspend_timing,has_minute_data,minute_row_count,price_limit_type,price_limit_up_pct,price_limit_down_pct,price_limit_rule,status_source,status_confidence,status_notes"
2026-06,2026-06-25,5609,4954,18,636,223,1,"{'创业板': 1399, '北交所': 325, '沪市主板': 1743, '深市主板': 1532, '科创板': 610}",2026-06/part-02_9trading_days/date=2026-06-25/daily_stock_status.parquet,128102,0.128,"code,ts_code,date,name,market_board,market_exchange,security_status,st_label,is_st,is_star_st,is_new_listing_initial,listing_phase_trading_days,initial_no_limit_trading_days,list_date,is_suspended,suspension_status,suspension_event_type,suspend_timing,has_minute_data,minute_row_count,price_limit_type,price_limit_up_pct,price_limit_down_pct,price_limit_rule,status_source,status_confidence,status_notes"
2026-06,2026-06-26,5609,4953,19,635,220,2,"{'创业板': 1399, '北交所': 325, '沪市主板': 1743, '深市主板': 1532, '科创板': 610}",2026-06/part-02_9trading_days/date=2026-06-26/daily_stock_status.parquet,128229,0.128,"code,ts_code,date,name,market_board,market_exchange,security_status,st_label,is_st,is_star_st,is_new_listing_initial,listing_phase_trading_days,initial_no_limit_trading_days,list_date,is_suspended,suspension_status,suspension_event_type,suspend_timing,has_minute_data,minute_row_count,price_limit_type,price_limit_up_pct,price_limit_down_pct,price_limit_rule,status_source,status_confidence,status_notes"
2026-06,2026-06-29,5609,4948,21,639,219,3,"{'创业板': 1399, '北交所': 326, '沪市主板': 1743, '深市主板': 1531, '科创板': 610}",2026-06/part-02_9trading_days/date=2026-06-29/daily_stock_status.parquet,128156,0.128,"code,ts_code,date,name,market_board,market_exchange,security_status,st_label,is_st,is_star_st,is_new_listing_initial,listing_phase_trading_days,initial_no_limit_trading_days,list_date,is_suspended,suspension_status,suspension_event_type,suspend_timing,has_minute_data,minute_row_count,price_limit_type,price_limit_up_pct,price_limit_down_pct,price_limit_rule,status_source,status_confidence,status_notes"
2026-06,2026-06-30,5612,4950,24,637,221,3,"{'创业板': 1399, '北交所': 326, '沪市主板': 1746, '深市主板': 1531, '科创板': 610}",2026-06/part-02_9trading_days/date=2026-06-30/daily_stock_status.parquet,128206,0.128,"code,ts_code,date,name,market_board,market_exchange,security_status,st_label,is_st,is_star_st,is_new_listing_initial,listing_phase_trading_days,initial_no_limit_trading_days,list_date,is_suspended,suspension_status,suspension_event_type,suspend_timing,has_minute_data,minute_row_count,price_limit_type,price_limit_up_pct,price_limit_down_pct,price_limit_rule,status_source,status_confidence,status_notes"
2026-07,2026-07-01,5613,4952,21,636,218,1,"{'创业板': 1399, '北交所': 327, '沪市主板': 1746, '深市主板': 1531, '科创板': 610}",2026-07/part-01_12trading_days/date=2026-07-01/daily_stock_status.parquet,128131,0.128,"code,ts_code,date,name,market_board,market_exchange,security_status,st_label,is_st,is_star_st,is_new_listing_initial,listing_phase_trading_days,initial_no_limit_trading_days,list_date,is_suspended,suspension_status,suspension_event_type,suspend_timing,has_minute_data,minute_row_count,price_limit_type,price_limit_up_pct,price_limit_down_pct,price_limit_rule,status_source,status_confidence,status_notes"
2026-07,2026-07-02,5613,4953,18,639,215,3,"{'创业板': 1399, '北交所': 327, '沪市主板': 1746, '深市主板': 1531, '科创板': 610}",2026-07/part-01_12trading_days/date=2026-07-02/daily_stock_status.parquet,128195,0.128,"code,ts_code,date,name,market_board,market_exchange,security_status,st_label,is_st,is_star_st,is_new_listing_initial,listing_phase_trading_days,initial_no_limit_trading_days,list_date,is_suspended,suspension_status,suspension_event_type,suspend_timing,has_minute_data,minute_row_count,price_limit_type,price_limit_up_pct,price_limit_down_pct,price_limit_rule,status_source,status_confidence,status_notes"
2026-07,2026-07-03,5614,4953,18,643,215,1,"{'创业板': 1399, '北交所': 327, '沪市主板': 1746, '深市主板': 1531, '科创板': 611}",2026-07/part-01_12trading_days/date=2026-07-03/daily_stock_status.parquet,128132,0.128,"code,ts_code,date,name,market_board,market_exchange,security_status,st_label,is_st,is_star_st,is_new_listing_initial,listing_phase_trading_days,initial_no_limit_trading_days,list_date,is_suspended,suspension_status,suspension_event_type,suspend_timing,has_minute_data,minute_row_count,price_limit_type,price_limit_up_pct,price_limit_down_pct,price_limit_rule,status_source,status_confidence,status_notes"
2026-07,2026-07-06,5615,4954,17,644,215,1,"{'创业板': 1399, '北交所': 328, '沪市主板': 1746, '深市主板': 1531, '科创板': 611}",2026-07/part-01_12trading_days/date=2026-07-06/daily_stock_status.parquet,128154,0.128,"code,ts_code,date,name,market_board,market_exchange,security_status,st_label,is_st,is_star_st,is_new_listing_initial,listing_phase_trading_days,initial_no_limit_trading_days,list_date,is_suspended,suspension_status,suspension_event_type,suspend_timing,has_minute_data,minute_row_count,price_limit_type,price_limit_up_pct,price_limit_down_pct,price_limit_rule,status_source,status_confidence,status_notes"
2026-07,2026-07-07,5608,4961,10,643,216,1,"{'创业板': 1399, '北交所': 328, '沪市主板': 1739, '深市主板': 1531, '科创板': 611}",2026-07/part-01_12trading_days/date=2026-07-07/daily_stock_status.parquet,127706,0.128,"code,ts_code,date,name,market_board,market_exchange,security_status,st_label,is_st,is_star_st,is_new_listing_initial,listing_phase_trading_days,initial_no_limit_trading_days,list_date,is_suspended,suspension_status,suspension_event_type,suspend_timing,has_minute_data,minute_row_count,price_limit_type,price_limit_up_pct,price_limit_down_pct,price_limit_rule,status_source,status_confidence,status_notes"
2026-07,2026-07-08,5609,4954,10,645,216,2,"{'创业板': 1399, '北交所': 329, '沪市主板': 1739, '深市主板': 1531, '科创板': 611}",2026-07/part-01_12trading_days/date=2026-07-08/daily_stock_status.parquet,127771,0.128,"code,ts_code,date,name,market_board,market_exchange,security_status,st_label,is_st,is_star_st,is_new_listing_initial,listing_phase_trading_days,initial_no_limit_trading_days,list_date,is_suspended,suspension_status,suspension_event_type,suspend_timing,has_minute_data,minute_row_count,price_limit_type,price_limit_up_pct,price_limit_down_pct,price_limit_rule,status_source,status_confidence,status_notes"
2026-07,2026-07-09,5609,4961,10,645,215,1,"{'创业板': 1399, '北交所': 329, '沪市主板': 1739, '深市主板': 1531, '科创板': 611}",2026-07/part-01_12trading_days/date=2026-07-09/daily_stock_status.parquet,127793,0.128,"code,ts_code,date,name,market_board,market_exchange,security_status,st_label,is_st,is_star_st,is_new_listing_initial,listing_phase_trading_days,initial_no_limit_trading_days,list_date,is_suspended,suspension_status,suspension_event_type,suspend_timing,has_minute_data,minute_row_count,price_limit_type,price_limit_up_pct,price_limit_down_pct,price_limit_rule,status_source,status_confidence,status_notes"
2026-07,2026-07-10,5610,4953,11,645,215,2,"{'创业板': 1400, '北交所': 328, '沪市主板': 1739, '深市主板': 1531, '科创板': 612}",2026-07/part-01_12trading_days/date=2026-07-10/daily_stock_status.parquet,127828,0.128,"code,ts_code,date,name,market_board,market_exchange,security_status,st_label,is_st,is_star_st,is_new_listing_initial,listing_phase_trading_days,initial_no_limit_trading_days,list_date,is_suspended,suspension_status,suspension_event_type,suspend_timing,has_minute_data,minute_row_count,price_limit_type,price_limit_up_pct,price_limit_down_pct,price_limit_rule,status_source,status_confidence,status_notes"
2026-07,2026-07-13,5611,4957,6,648,215,1,"{'创业板': 1400, '北交所': 329, '沪市主板': 1739, '深市主板': 1531, '科创板': 612}",2026-07/part-01_12trading_days/date=2026-07-13/daily_stock_status.parquet,127717,0.128,"code,ts_code,date,name,market_board,market_exchange,security_status,st_label,is_st,is_star_st,is_new_listing_initial,listing_phase_trading_days,initial_no_limit_trading_days,list_date,is_suspended,suspension_status,suspension_event_type,suspend_timing,has_minute_data,minute_row_count,price_limit_type,price_limit_up_pct,price_limit_down_pct,price_limit_rule,status_source,status_confidence,status_notes"
2026-07,2026-07-14,5613,4957,6,648,214,1,"{'创业板': 1400, '北交所': 329, '沪市主板': 1739, '深市主板': 1533, '科创板': 612}",2026-07/part-01_12trading_days/date=2026-07-14/daily_stock_status.parquet,127704,0.128,"code,ts_code,date,name,market_board,market_exchange,security_status,st_label,is_st,is_star_st,is_new_listing_initial,listing_phase_trading_days,initial_no_limit_trading_days,list_date,is_suspended,suspension_status,suspension_event_type,suspend_timing,has_minute_data,minute_row_count,price_limit_type,price_limit_up_pct,price_limit_down_pct,price_limit_rule,status_source,status_confidence,status_notes"
2026-07,2026-07-15,5612,4958,3,651,215,1,"{'创业板': 1400, '北交所': 330, '沪市主板': 1739, '深市主板': 1531, '科创板': 612}",2026-07/part-01_12trading_days/date=2026-07-15/daily_stock_status.parquet,127669,0.128,"code,ts_code,date,name,market_board,market_exchange,security_status,st_label,is_st,is_star_st,is_new_listing_initial,listing_phase_trading_days,initial_no_limit_trading_days,list_date,is_suspended,suspension_status,suspension_event_type,suspend_timing,has_minute_data,minute_row_count,price_limit_type,price_limit_up_pct,price_limit_down_pct,price_limit_rule,status_source,status_confidence,status_notes"
2026-07,2026-07-16,5612,4957,5,650,215,2,"{'创业板': 1400, '北交所': 330, '沪市主板': 1739, '深市主板': 1531, '科创板': 612}",2026-07/part-01_12trading_days/date=2026-07-16/daily_stock_status.parquet,127738,0.128,"code,ts_code,date,name,market_board,market_exchange,security_status,st_label,is_st,is_star_st,is_new_listing_initial,listing_phase_trading_days,initial_no_limit_trading_days,list_date,is_suspended,suspension_status,suspension_event_type,suspend_timing,has_minute_data,minute_row_count,price_limit_type,price_limit_up_pct,price_limit_down_pct,price_limit_rule,status_source,status_confidence,status_notes"
2026-07,2026-07-17,5614,4961,6,650,215,0,"{'创业板': 1400, '北交所': 330, '沪市主板': 1740, '深市主板': 1532, '科创板': 612}",2026-07/part-02_11trading_days/date=2026-07-17/daily_stock_status.parquet,127657,0.128,"code,ts_code,date,name,market_board,market_exchange,security_status,st_label,is_st,is_star_st,is_new_listing_initial,listing_phase_trading_days,initial_no_limit_trading_days,list_date,is_suspended,suspension_status,suspension_event_type,suspend_timing,has_minute_data,minute_row_count,price_limit_type,price_limit_up_pct,price_limit_down_pct,price_limit_rule,status_source,status_confidence,status_notes"
2026-07,2026-07-20,5616,4961,4,652,213,0,"{'创业板': 1401, '北交所': 331, '沪市主板': 1740, '深市主板': 1532, '科创板': 612}",2026-07/part-02_11trading_days/date=2026-07-20/daily_stock_status.parquet,127683,0.128,"code,ts_code,date,name,market_board,market_exchange,security_status,st_label,is_st,is_star_st,is_new_listing_initial,listing_phase_trading_days,initial_no_limit_trading_days,list_date,is_suspended,suspension_status,suspension_event_type,suspend_timing,has_minute_data,minute_row_count,price_limit_type,price_limit_up_pct,price_limit_down_pct,price_limit_rule,status_source,status_confidence,status_notes"
2026-07,2026-07-21,5616,4961,5,653,213,1,"{'创业板': 1401, '北交所': 331, '沪市主板': 1740, '深市主板': 1532, '科创板': 612}",2026-07/part-02_11trading_days/date=2026-07-21/daily_stock_status.parquet,127910,0.128,"code,ts_code,date,name,market_board,market_exchange,security_status,st_label,is_st,is_star_st,is_new_listing_initial,listing_phase_trading_days,initial_no_limit_trading_days,list_date,is_suspended,suspension_status,suspension_event_type,suspend_timing,has_minute_data,minute_row_count,price_limit_type,price_limit_up_pct,price_limit_down_pct,price_limit_rule,status_source,status_confidence,status_notes"
2026-07,2026-07-22,5617,4959,5,653,213,2,"{'创业板': 1401, '北交所': 332, '沪市主板': 1740, '深市主板': 1532, '科创板': 612}",2026-07/part-02_11trading_days/date=2026-07-22/daily_stock_status.parquet,127992,0.128,"code,ts_code,date,name,market_board,market_exchange,security_status,st_label,is_st,is_star_st,is_new_listing_initial,listing_phase_trading_days,initial_no_limit_trading_days,list_date,is_suspended,suspension_status,suspension_event_type,suspend_timing,has_minute_data,minute_row_count,price_limit_type,price_limit_up_pct,price_limit_down_pct,price_limit_rule,status_source,status_confidence,status_notes"
2026-07,2026-07-23,5617,4958,4,654,212,1,"{'创业板': 1401, '北交所': 332, '沪市主板': 1740, '深市主板': 1532, '科创板': 612}",2026-07/part-02_11trading_days/date=2026-07-23/daily_stock_status.parquet,127876,0.128,"code,ts_code,date,name,market_board,market_exchange,security_status,st_label,is_st,is_star_st,is_new_listing_initial,listing_phase_trading_days,initial_no_limit_trading_days,list_date,is_suspended,suspension_status,suspension_event_type,suspend_timing,has_minute_data,minute_row_count,price_limit_type,price_limit_up_pct,price_limit_down_pct,price_limit_rule,status_source,status_confidence,status_notes"
2026-07,2026-07-24,5619,4957,5,657,212,2,"{'创业板': 1402, '北交所': 332, '沪市主板': 1740, '深市主板': 1532, '科创板': 613}",2026-07/part-02_11trading_days/date=2026-07-24/daily_stock_status.parquet,128034,0.128,"code,ts_code,date,name,market_board,market_exchange,security_status,st_label,is_st,is_star_st,is_new_listing_initial,listing_phase_trading_days,initial_no_limit_trading_days,list_date,is_suspended,suspension_status,suspension_event_type,suspend_timing,has_minute_data,minute_row_count,price_limit_type,price_limit_up_pct,price_limit_down_pct,price_limit_rule,status_source,status_confidence,status_notes"
2026-07,2026-07-27,5620,4952,11,657,212,3,"{'创业板': 1402, '北交所': 333, '沪市主板': 1740, '深市主板': 1532, '科创板': 613}",2026-07/part-02_11trading_days/date=2026-07-27/daily_stock_status.parquet,128205,0.128,"code,ts_code,date,name,market_board,market_exchange,security_status,st_label,is_st,is_star_st,is_new_listing_initial,listing_phase_trading_days,initial_no_limit_trading_days,list_date,is_suspended,suspension_status,suspension_event_type,suspend_timing,has_minute_data,minute_row_count,price_limit_type,price_limit_up_pct,price_limit_down_pct,price_limit_rule,status_source,status_confidence,status_notes"
2026-07,2026-07-28,5620,4953,9,658,213,1,"{'创业板': 1402, '北交所': 333, '沪市主板': 1740, '深市主板': 1532, '科创板': 613}",2026-07/part-02_11trading_days/date=2026-07-28/daily_stock_status.parquet,128001,0.128,"code,ts_code,date,name,market_board,market_exchange,security_status,st_label,is_st,is_star_st,is_new_listing_initial,listing_phase_trading_days,initial_no_limit_trading_days,list_date,is_suspended,suspension_status,suspension_event_type,suspend_timing,has_minute_data,minute_row_count,price_limit_type,price_limit_up_pct,price_limit_down_pct,price_limit_rule,status_source,status_confidence,status_notes"
2026-07,2026-07-29,5621,4953,11,657,213,2,"{'创业板': 1402, '北交所': 334, '沪市主板': 1740, '深市主板': 1532, '科创板': 613}",2026-07/part-02_11trading_days/date=2026-07-29/daily_stock_status.parquet,128210,0.128,"code,ts_code,date,name,market_board,market_exchange,security_status,st_label,is_st,is_star_st,is_new_listing_initial,listing_phase_trading_days,initial_no_limit_trading_days,list_date,is_suspended,suspension_status,suspension_event_type,suspend_timing,has_minute_data,minute_row_count,price_limit_type,price_limit_up_pct,price_limit_down_pct,price_limit_rule,status_source,status_confidence,status_notes"
2026-07,2026-07-30,5621,4961,6,657,212,2,"{'创业板': 1402, '北交所': 334, '沪市主板': 1740, '深市主板': 1532, '科创板': 613}",2026-07/part-02_11trading_days/date=2026-07-30/daily_stock_status.parquet,128074,0.128,"code,ts_code,date,name,market_board,market_exchange,security_status,st_label,is_st,is_star_st,is_new_listing_initial,listing_phase_trading_days,initial_no_limit_trading_days,list_date,is_suspended,suspension_status,suspension_event_type,suspend_timing,has_minute_data,minute_row_count,price_limit_type,price_limit_up_pct,price_limit_down_pct,price_limit_rule,status_source,status_confidence,status_notes"
2026-07,2026-07-31,5613,4956,6,650,211,2,"{'创业板': 1400, '北交所': 331, '沪市主板': 1739, '深市主板': 1531, '科创板': 612}",2026-07/part-02_11trading_days/date=2026-07-31/daily_stock_status.parquet,127835,0.128,"code,ts_code,date,name,market_board,market_exchange,security_status,st_label,is_st,is_star_st,is_new_listing_initial,listing_phase_trading_days,initial_no_limit_trading_days,list_date,is_suspended,suspension_status,suspension_event_type,suspend_timing,has_minute_data,minute_row_count,price_limit_type,price_limit_up_pct,price_limit_down_pct,price_limit_rule,status_source,status_confidence,status_notes"
2026-08,2026-08-03,5614,4956,6,651,211,2,"{'创业板': 1400, '北交所': 332, '沪市主板': 1739, '深市主板': 1531, '科创板': 612}",2026-08/part-01_12trading_days/date=2026-08-03/daily_stock_status.parquet,127895,0.128,"code,ts_code,date,name,market_board,market_exchange,security_status,st_label,is_st,is_star_st,is_new_listing_initial,listing_phase_trading_days,initial_no_limit_trading_days,list_date,is_suspended,suspension_status,suspension_event_type,suspend_timing,has_minute_data,minute_row_count,price_limit_type,price_limit_up_pct,price_limit_down_pct,price_limit_rule,status_source,status_confidence,status_notes"
2026-08,2026-08-04,5615,4957,7,651,211,2,"{'创业板': 1400, '北交所': 332, '沪市主板': 1739, '深市主板': 1532, '科创板': 612}",2026-08/part-01_12trading_days/date=2026-08-04/daily_stock_status.parquet,127919,0.128,"code,ts_code,date,name,market_board,market_exchange,security_status,st_label,is_st,is_star_st,is_new_listing_initial,listing_phase_trading_days,initial_no_limit_trading_days,list_date,is_suspended,suspension_status,suspension_event_type,suspend_timing,has_minute_data,minute_row_count,price_limit_type,price_limit_up_pct,price_limit_down_pct,price_limit_rule,status_source,status_confidence,status_notes"
2026-08,2026-08-05,5616,4957,5,652,211,3,"{'创业板': 1400, '北交所': 333, '沪市主板': 1739, '深市主板': 1532, '科创板': 612}",2026-08/part-01_12trading_days/date=2026-08-05/daily_stock_status.parquet,127895,0.128,"code,ts_code,date,name,market_board,market_exchange,security_status,st_label,is_st,is_star_st,is_new_listing_initial,listing_phase_trading_days,initial_no_limit_trading_days,list_date,is_suspended,suspension_status,suspension_event_type,suspend_timing,has_minute_data,minute_row_count,price_limit_type,price_limit_up_pct,price_limit_down_pct,price_limit_rule,status_source,status_confidence,status_notes"
2026-08,2026-08-06,5617,4958,5,654,211,2,"{'创业板': 1400, '北交所': 333, '沪市主板': 1740, '深市主板': 1532, '科创板': 612}",2026-08/part-01_12trading_days/date=2026-08-06/daily_stock_status.parquet,127940,0.128,"code,ts_code,date,name,market_board,market_exchange,security_status,st_label,is_st,is_star_st,is_new_listing_initial,listing_phase_trading_days,initial_no_limit_trading_days,list_date,is_suspended,suspension_status,suspension_event_type,suspend_timing,has_minute_data,minute_row_count,price_limit_type,price_limit_up_pct,price_limit_down_pct,price_limit_rule,status_source,status_confidence,status_notes"
2026-08,2026-08-07,5618,4961,4,655,211,3,"{'创业板': 1401, '北交所': 333, '沪市主板': 1740, '深市主板': 1532, '科创板': 612}",2026-08/part-01_12trading_days/date=2026-08-07/daily_stock_status.parquet,128030,0.128,"code,ts_code,date,name,market_board,market_exchange,security_status,st_label,is_st,is_star_st,is_new_listing_initial,listing_phase_trading_days,initial_no_limit_trading_days,list_date,is_suspended,suspension_status,suspension_event_type,suspend_timing,has_minute_data,minute_row_count,price_limit_type,price_limit_up_pct,price_limit_down_pct,price_limit_rule,status_source,status_confidence,status_notes"
2026-08,2026-08-10,5618,4960,0,658,211,3,"{'创业板': 1401, '北交所': 333, '沪市主板': 1740, '深市主板': 1532, '科创板': 612}",2026-08/part-01_12trading_days/date=2026-08-10/daily_stock_status.parquet,127456,0.127,"code,ts_code,date,name,market_board,market_exchange,security_status,st_label,is_st,is_star_st,is_new_listing_initial,listing_phase_trading_days,initial_no_limit_trading_days,list_date,is_suspended,suspension_status,suspension_event_type,suspend_timing,has_minute_data,minute_row_count,price_limit_type,price_limit_up_pct,price_limit_down_pct,price_limit_rule,status_source,status_confidence,status_notes"
2026-08,2026-08-11,5618,4958,0,660,211,2,"{'创业板': 1401, '北交所': 333, '沪市主板': 1740, '深市主板': 1532, '科创板': 612}",2026-08/part-01_12trading_days/date=2026-08-11/daily_stock_status.parquet,127428,0.127,"code,ts_code,date,name,market_board,market_exchange,security_status,st_label,is_st,is_star_st,is_new_listing_initial,listing_phase_trading_days,initial_no_limit_trading_days,list_date,is_suspended,suspension_status,suspension_event_type,suspend_timing,has_minute_data,minute_row_count,price_limit_type,price_limit_up_pct,price_limit_down_pct,price_limit_rule,status_source,status_confidence,status_notes"
2026-08,2026-08-12,5618,4958,0,660,211,2,"{'创业板': 1401, '北交所': 333, '沪市主板': 1740, '深市主板': 1532, '科创板': 612}",2026-08/part-01_12trading_days/date=2026-08-12/daily_stock_status.parquet,127428,0.127,"code,ts_code,date,name,market_board,market_exchange,security_status,st_label,is_st,is_star_st,is_new_listing_initial,listing_phase_trading_days,initial_no_limit_trading_days,list_date,is_suspended,suspension_status,suspension_event_type,suspend_timing,has_minute_data,minute_row_count,price_limit_type,price_limit_up_pct,price_limit_down_pct,price_limit_rule,status_source,status_confidence,status_notes"
2026-08,2026-08-13,5618,4961,0,657,211,1,"{'创业板': 1401, '北交所': 333, '沪市主板': 1740, '深市主板': 1532, '科创板': 612}",2026-08/part-01_12trading_days/date=2026-08-13/daily_stock_status.parquet,127403,0.127,"code,ts_code,date,name,market_board,market_exchange,security_status,st_label,is_st,is_star_st,is_new_listing_initial,listing_phase_trading_days,initial_no_limit_trading_days,list_date,is_suspended,suspension_status,suspension_event_type,suspend_timing,has_minute_data,minute_row_count,price_limit_type,price_limit_up_pct,price_limit_down_pct,price_limit_rule,status_source,status_confidence,status_notes"
2026-08,2026-08-14,5618,4958,0,660,211,0,"{'创业板': 1401, '北交所': 333, '沪市主板': 1740, '深市主板': 1532, '科创板': 612}",2026-08/part-01_12trading_days/date=2026-08-14/daily_stock_status.parquet,127266,0.127,"code,ts_code,date,name,market_board,market_exchange,security_status,st_label,is_st,is_star_st,is_new_listing_initial,listing_phase_trading_days,initial_no_limit_trading_days,list_date,is_suspended,suspension_status,suspension_event_type,suspend_timing,has_minute_data,minute_row_count,price_limit_type,price_limit_up_pct,price_limit_down_pct,price_limit_rule,status_source,status_confidence,status_notes"
2026-08,2026-08-17,5618,4956,0,662,211,0,"{'创业板': 1401, '北交所': 333, '沪市主板': 1740, '深市主板': 1532, '科创板': 612}",2026-08/part-01_12trading_days/date=2026-08-17/daily_stock_status.parquet,127274,0.127,"code,ts_code,date,name,market_board,market_exchange,security_status,st_label,is_st,is_star_st,is_new_listing_initial,listing_phase_trading_days,initial_no_limit_trading_days,list_date,is_suspended,suspension_status,suspension_event_type,suspend_timing,has_minute_data,minute_row_count,price_limit_type,price_limit_up_pct,price_limit_down_pct,price_limit_rule,status_source,status_confidence,status_notes"
2026-08,2026-08-18,5618,4956,0,662,211,0,"{'创业板': 1401, '北交所': 333, '沪市主板': 1740, '深市主板': 1532, '科创板': 612}",2026-08/part-01_12trading_days/date=2026-08-18/daily_stock_status.parquet,127268,0.127,"code,ts_code,date,name,market_board,market_exchange,security_status,st_label,is_st,is_star_st,is_new_listing_initial,listing_phase_trading_days,initial_no_limit_trading_days,list_date,is_suspended,suspension_status,suspension_event_type,suspend_timing,has_minute_data,minute_row_count,price_limit_type,price_limit_up_pct,price_limit_down_pct,price_limit_rule,status_source,status_confidence,status_notes"
2026-08,2026-08-19,5618,4955,0,663,211,0,"{'创业板': 1401, '北交所': 333, '沪市主板': 1740, '深市主板': 1532, '科创板': 612}",2026-08/part-02_9trading_days/date=2026-08-19/daily_stock_status.parquet,127280,0.127,"code,ts_code,date,name,market_board,market_exchange,security_status,st_label,is_st,is_star_st,is_new_listing_initial,listing_phase_trading_days,initial_no_limit_trading_days,list_date,is_suspended,suspension_status,suspension_event_type,suspend_timing,has_minute_data,minute_row_count,price_limit_type,price_limit_up_pct,price_limit_down_pct,price_limit_rule,status_source,status_confidence,status_notes"
2026-08,2026-08-20,5618,4954,0,664,211,0,"{'创业板': 1401, '北交所': 333, '沪市主板': 1740, '深市主板': 1532, '科创板': 612}",2026-08/part-02_9trading_days/date=2026-08-20/daily_stock_status.parquet,127284,0.127,"code,ts_code,date,name,market_board,market_exchange,security_status,st_label,is_st,is_star_st,is_new_listing_initial,listing_phase_trading_days,initial_no_limit_trading_days,list_date,is_suspended,suspension_status,suspension_event_type,suspend_timing,has_minute_data,minute_row_count,price_limit_type,price_limit_up_pct,price_limit_down_pct,price_limit_rule,status_source,status_confidence,status_notes"
2026-08,2026-08-21,5618,4955,0,663,211,0,"{'创业板': 1401, '北交所': 333, '沪市主板': 1740, '深市主板': 1532, '科创板': 612}",2026-08/part-02_9trading_days/date=2026-08-21/daily_stock_status.parquet,127283,0.127,"code,ts_code,date,name,market_board,market_exchange,security_status,st_label,is_st,is_star_st,is_new_listing_initial,listing_phase_trading_days,initial_no_limit_trading_days,list_date,is_suspended,suspension_status,suspension_event_type,suspend_timing,has_minute_data,minute_row_count,price_limit_type,price_limit_up_pct,price_limit_down_pct,price_limit_rule,status_source,status_confidence,status_notes"
2026-08,2026-08-24,5618,4958,0,660,211,0,"{'创业板': 1401, '北交所': 333, '沪市主板': 1740, '深市主板': 1532, '科创板': 612}",2026-08/part-02_9trading_days/date=2026-08-24/daily_stock_status.parquet,127269,0.127,"code,ts_code,date,name,market_board,market_exchange,security_status,st_label,is_st,is_star_st,is_new_listing_initial,listing_phase_trading_days,initial_no_limit_trading_days,list_date,is_suspended,suspension_status,suspension_event_type,suspend_timing,has_minute_data,minute_row_count,price_limit_type,price_limit_up_pct,price_limit_down_pct,price_limit_rule,status_source,status_confidence,status_notes"
2026-08,2026-08-25,5618,4961,0,657,211,0,"{'创业板': 1401, '北交所': 333, '沪市主板': 1740, '深市主板': 1532, '科创板': 612}",2026-08/part-02_9trading_days/date=2026-08-25/daily_stock_status.parquet,127251,0.127,"code,ts_code,date,name,market_board,market_exchange,security_status,st_label,is_st,is_star_st,is_new_listing_initial,listing_phase_trading_days,initial_no_limit_trading_days,list_date,is_suspended,suspension_status,suspension_event_type,suspend_timing,has_minute_data,minute_row_count,price_limit_type,price_limit_up_pct,price_limit_down_pct,price_limit_rule,status_source,status_confidence,status_notes"
2026-08,2026-08-26,5618,4959,0,659,211,0,"{'创业板': 1401, '北交所': 333, '沪市主板': 1740, '深市主板': 1532, '科创板': 612}",2026-08/part-02_9trading_days/date=2026-08-26/daily_stock_status.parquet,127255,0.127,"code,ts_code,date,name,market_board,market_exchange,security_status,st_label,is_st,is_star_st,is_new_listing_initial,listing_phase_trading_days,initial_no_limit_trading_days,list_date,is_suspended,suspension_status,suspension_event_type,suspend_timing,has_minute_data,minute_row_count,price_limit_type,price_limit_up_pct,price_limit_down_pct,price_limit_rule,status_source,status_confidence,status_notes"
2026-08,2026-08-27,5618,4960,0,658,211,0,"{'创业板': 1401, '北交所': 333, '沪市主板': 1740, '深市主板': 1532, '科创板': 612}",2026-08/part-02_9trading_days/date=2026-08-27/daily_stock_status.parquet,127249,0.127,"code,ts_code,date,name,market_board,market_exchange,security_status,st_label,is_st,is_star_st,is_new_listing_initial,listing_phase_trading_days,initial_no_limit_trading_days,list_date,is_suspended,suspension_status,suspension_event_type,suspend_timing,has_minute_data,minute_row_count,price_limit_type,price_limit_up_pct,price_limit_down_pct,price_limit_rule,status_source,status_confidence,status_notes"
2026-08,2026-08-28,5618,4959,0,659,211,0,"{'创业板': 1401, '北交所': 333, '沪市主板': 1740, '深市主板': 1532, '科创板': 612}",2026-08/part-02_9trading_days/date=2026-08-28/daily_stock_status.parquet,127249,0.127,"code,ts_code,date,name,market_board,market_exchange,security_status,st_label,is_st,is_star_st,is_new_listing_initial,listing_phase_trading_days,initial_no_limit_trading_days,list_date,is_suspended,suspension_status,suspension_event_type,suspend_timing,has_minute_data,minute_row_count,price_limit_type,price_limit_up_pct,price_limit_down_pct,price_limit_rule,status_source,status_confidence,status_notes"
2026-08,2026-08-31,5618,4956,0,662,211,0,"{'创业板': 1401, '北交所': 333, '沪市主板': 1740, '深市主板': 1532, '科创板': 612}",2026-08/part-02_9trading_days/date=2026-08-31/daily_stock_status.parquet,127277,0.127,"code,ts_code,date,name,market_board,market_exchange,security_status,st_label,is_st,is_star_st,is_new_listing_initial,listing_phase_trading_days,initial_no_limit_trading_days,list_date,is_suspended,suspension_status,suspension_event_type,suspend_timing,has_minute_data,minute_row_count,price_limit_type,price_limit_up_pct,price_limit_down_pct,price_limit_rule,status_source,status_confidence,status_notes"
