event_id,code,name,d1,entry_clock,entry,d2_lower,d2_upper,buy_oneprice,buy_upper_locked,buy_lower_locked,buy_bar_volume,sell,sell_clock,t1_lower,sell_oneprice,sell_lower_locked,sell_bar_volume,d2_missing_any_bar,t1_missing_any_bar,ret,lane
000017_20260831_g0,000017,深中华A,2026-08-31,09:35,11.41,10.09,12.33,False,False,False,1624500.0,11.75,15:00,10.58,True,False,15474600.0,False,False,0.024598422436459138,CORE_RED_4P_REPAIR45
000032_20260617_g0,000032,深桑达Ａ,2026-06-17,09:31,24.01,20.9,25.54,False,False,False,4756700.0,24.59,15:00,22.14,True,False,799500.0,False,False,0.018956601416076562,POS_4P_VOLUME_RECLAIM35
000070_20260213_g0,000070,特发信息,2026-02-13,09:31,18.38,15.8,19.31,False,False,False,6611900.0,18.54,09:35,16.38,False,False,2572600.0,False,False,0.003505114254624613,PANIC_3_LIQ_RECLAIM45
000539_20260602_g0,000539,粤电力Ａ,2026-06-02,09:33,8.74,8.22,10.04,False,False,False,5126500.0,9.17,15:00,8.46,True,False,6171300.0,False,False,0.04399908466819223,NORMAL_B4P_LIQUID_M3
000593_20260806_g0,000593,德龙汇能,2026-08-06,09:34,23.09,20.45,24.99,False,False,False,1029100.0,24.75,15:00,21.49,True,False,739200.0,False,False,0.06669259419662198,POS_4P_VOLUME_RECLAIM35
000601_20260323_g0,000601,韶能股份,2026-03-23,09:32,7.54,6.6,8.06,False,False,False,17928800.0,8.87,15:00,7.25,True,False,497900.0,False,False,0.171192572944297,PANIC_3_LIQ_RECLAIM45
000720_20260330_g0,000720,新能泰山,2026-03-30,09:30,4.6,4.46,5.46,False,False,False,25032700.0,5.11,09:31,4.91,False,False,9230100.0,False,False,0.10566956521739145,B4P_PANIC_CAPITULATION_OPEN
000890_20260227_g0,000890,法尔胜,2026-02-27,09:37,8.03,6.89,8.43,False,False,False,3062600.0,8.27,09:33,7.59,False,False,2211300.0,False,False,0.024687920298879323,CORE_RED_4P_REPAIR45
000993_20260917_g0,000993,闽东电力,2026-09-17,09:35,19.22,16.17,19.77,False,False,False,2319200.0,20.43,15:00,17.64,True,False,4326900.0,False,False,0.057755254942768106,CORE_RED_4P_REPAIR45
001896_20260302_g0,001896,豫能控股,2026-03-02,09:34,14.3,12.73,15.55,False,False,False,5923800.0,14.26,15:00,11.95,True,False,3884600.0,False,False,-0.007997202797202858,POS_4P_VOLUME_RECLAIM35
002081_20260508_g1,002081,金 螳 螂,2026-05-08,09:37,7.41,6.12,7.48,False,False,False,19402900.0,7.98,15:00,6.53,True,False,1381300.0,False,False,0.07172307692307688,CORE_RED_4P_REPAIR45
002172_20260818_g0,002172,澳洋健康,2026-08-18,09:30,4.5,4.04,4.94,False,False,False,32904400.0,4.44,15:00,3.64,True,False,285100.0,False,False,-0.018533333333333197,B4P_PANIC_CAPITULATION_OPEN
002210_20260430_g0,002210,飞马国际,2026-04-30,09:31,3.06,2.68,3.28,False,False,False,18465500.0,3.29,15:00,2.95,True,False,5499200.0,False,False,0.06996339869281042,PANIC_3_LIQ_RECLAIM45
002254_20260610_g0,002254,泰和新材,2026-06-10,09:31,17.7,15.48,18.92,False,False,False,8843600.0,18.06,15:00,17.03,True,False,814400.0,False,False,0.01513898305084736,PANIC_3_LIQ_RECLAIM45
002272_20260521_g0,002272,川润股份,2026-05-21,09:43,22.93,20.21,24.7,False,False,False,750800.0,24.1,15:00,22.23,True,False,2425800.0,False,False,0.04582485826428272,PANIC_3_LIQ_RECLAIM45
002297_20260421_g0,002297,博云新材,2026-04-21,09:35,20.7,17.09,20.89,False,False,False,5982800.0,22.24,15:00,18.26,True,False,1307100.0,False,False,0.06919613526570055,CORE_RED_4P_REPAIR45
002309_20260326_g0,002309,中利集团,2026-03-26,09:33,4.32,4.27,5.21,False,False,False,29459200.0,4.49,09:33,3.9,False,False,20675600.0,False,False,0.034151851851851864,NORMAL_B4P_LIQUID_M3
002354_20260611_g0,002354,天娱数科,2026-06-11,09:30,7.42,7.18,8.78,False,False,False,85040704.0,7.5,15:00,6.77,True,False,8181500.0,False,False,0.005581671159029616,B4P_PANIC_CAPITULATION_OPEN
002445_20260316_g0,002445,中南文化,2026-03-16,09:30,3.8,3.64,4.44,False,False,False,64797700.0,4.07,15:00,3.33,True,False,303500.0,False,False,0.06585263157894748,B4P_PANIC_CAPITULATION_OPEN
002498_20260226_g1,002498,汉缆股份,2026-02-26,09:33,8.35,7.54,9.22,False,False,False,9380200.0,8.2,09:33,7.43,False,False,5846400.0,False,False,-0.023164071856287455,POS_4P_VOLUME_RECLAIM35
002552_20260811_g0,002552,宝鼎科技,2026-08-11,09:33,55.39,49.15,60.07,False,False,False,895000.0,58.66,15:00,54.06,True,False,805400.0,False,False,0.0538359270626466,POS_4P_VOLUME_RECLAIM35
002830_20260205_g0,002830,名雕股份,2026-02-05,09:30,25.07,25.07,30.65,True,False,True,700600.0,33.33,09:31,27.59,False,False,2560400.0,False,False,0.3242774631033106,B4P_PANIC_CAPITULATION_OPEN
002909_20260904_g0,002909,集泰股份,2026-09-04,09:30,7.54,6.49,7.93,False,False,False,24568000.0,8.72,15:00,7.14,True,False,156100.0,False,False,0.1512986737400531,B4P_PANIC_CAPITULATION_OPEN
002912_20260916_g0,002912,中新赛克,2026-09-16,09:35,24.19,23.05,28.17,False,False,False,544200.0,24.55,15:00,21.06,True,False,537700.0,False,False,0.009682182720132198,B4P_PANIC_DEEP_IMPULSE5
002931_20260202_g1,002931,锋龙股份,2026-02-02,09:35,102.99,86.19,105.35,False,False,False,728800.0,110.44,15:00,91.8,True,False,501400.0,False,False,0.06713712010874838,CORE_RED_4P_REPAIR45
002963_20260807_g0,002963,豪尔赛,2026-08-07,09:35,18.05,16.65,20.35,False,False,False,402000.0,20.09,15:00,16.43,True,False,75300.0,False,False,0.1078193905817174,NORMAL_B4P_DOUBLE_WASHOUT_M5
002971_20260615_g0,002971,和远气体,2026-06-15,09:38,61.1,51.1,62.46,False,False,False,648700.0,61.25,15:00,53.32,True,False,324800.0,False,False,-0.0027450081833061586,CORE_RED_4P_REPAIR45
002990_20260420_g0,002990,盛视科技,2026-04-20,09:33,46.6,44.1,53.9,False,False,False,1059600.0,48.53,15:00,40.64,True,False,395200.0,False,False,0.03621630901287563,NORMAL_B4P_LIQUID_M3
003040_20260828_g0,003040,楚天龙,2026-08-28,09:33,17.57,16.65,20.35,False,False,False,2323900.0,19.58,15:00,16.02,True,False,61000.0,False,False,0.10919954467842895,NORMAL_B4P_LIQUID_M3
600108_20260305_g0,600108,亚盛集团,2026-03-05,09:33,4.97,4.52,5.52,False,False,False,11215500.0,5.84,09:33,4.97,False,False,11408400.0,False,False,0.1698503018108651,NORMAL_B4P_LIQUID_M3
600127_20260821_g0,600127,金健米业,2026-08-21,09:33,8.0,7.38,9.02,False,False,False,6065000.0,9.31,09:33,7.61,True,False,2055400.0,False,False,0.15855000000000005,NORMAL_B4P_LIQUID_M3
600162_20260601_g0,600162,香江控股,2026-06-01,09:31,3.06,2.63,3.21,False,False,False,51107500.0,3.35,15:00,2.89,True,False,6214400.0,False,False,0.08957124183006547,POS_4P_VOLUME_RECLAIM35
600272_20260813_g0,600272,开开实业,2026-08-13,09:39,16.99,14.4,17.6,False,False,False,1761100.0,19.03,15:00,15.84,True,False,634000.0,False,False,0.11487062978222494,CORE_RED_4P_REPAIR45
600353_20260819_g0,600353,旭光电子,2026-08-19,09:44,33.87,30.41,37.17,False,False,False,839800.0,38.28,15:00,31.32,True,False,53100.0,False,False,0.12500372010628888,PANIC_3_LIQ_RECLAIM45
600403_20260609_g0,600403,大有能源,2026-06-09,09:35,8.07,7.25,8.87,False,False,False,4064300.0,8.05,15:00,6.89,True,False,3415700.0,False,False,-0.007678314745972709,B4P_PANIC_DEEP_IMPULSE5
600479_20260831_g0,600479,千金药业,2026-08-31,09:32,12.21,10.94,13.37,False,False,False,1969500.0,14.29,09:35,12.03,False,False,4681500.0,False,False,0.1651521703521702,PANIC_3_LIQ_RECLAIM45
600744_20260723_g0,600744,华银电力,2026-07-23,09:33,7.48,7.09,8.67,False,False,False,8048000.0,7.84,09:33,6.78,False,False,11333000.0,False,False,0.04292834224598928,NORMAL_B4P_LIQUID_M3
600785_20260120_g0,600785,新华百货,2026-01-20,09:31,23.12,19.53,23.87,False,False,False,2737600.0,22.5,09:33,20.2,False,False,1158000.0,False,False,-0.03201660899653981,POS_4P_VOLUME_RECLAIM35
600961_20260422_g0,600961,株冶集团,2026-04-22,09:31,29.33,26.26,32.1,False,False,False,6472000.0,30.22,15:00,26.24,True,False,1459800.0,False,False,0.025144357313331072,POS_4P_VOLUME_RECLAIM35
601086_20260904_g0,601086,国芳集团,2026-09-04,09:31,13.53,11.39,13.92,False,False,False,17359700.0,14.95,15:00,12.53,True,False,3057400.0,False,False,0.09975195861049523,POS_4P_VOLUME_RECLAIM35
601811_20260928_g0,601811,新华文轩,2026-09-28,09:30,19.06,16.67,20.37,False,False,False,6349800.0,21.12,15:00,18.33,True,False,1560300.0,True,True,0.1028797481636937,B4P_PANIC_CAPITULATION_OPEN
603007_20260515_g0,603007,顺景科技,2026-05-15,09:36,8.51,7.53,9.21,False,False,False,3253200.0,8.33,15:00,7.29,True,False,2784500.0,False,False,-0.026351586368977626,PANIC_3_LIQ_RECLAIM45
603095_20260506_g0,603095,越剑智能,2026-05-06,09:35,24.87,21.76,26.6,False,False,False,545100.0,25.86,15:00,23.94,True,False,931900.0,False,False,0.03460699638118202,CORE_RED_4P_REPAIR45
603318_20260305_g0,603318,水发燃气,2026-03-05,09:30,9.31,8.64,10.56,False,False,False,11658700.0,10.95,09:31,9.12,False,False,8243500.0,False,False,0.17095467239527382,B4P_PANIC_CAPITULATION_OPEN
603330_20260605_g0,603330,天洋新材,2026-06-05,09:30,7.75,7.75,9.47,False,False,False,21458400.0,8.53,15:00,6.98,True,False,53200.0,False,False,0.09544516129032253,B4P_PANIC_CAPITULATION_OPEN
603538_20260331_g0,603538,美诺华,2026-03-31,09:33,40.04,36.81,44.99,False,False,False,1456100.0,42.32,15:00,35.81,True,False,1098200.0,False,False,0.051743056943056906,NORMAL_B4P_LIQUID_M3
603618_20260205_g0,603618,杭电股份,2026-02-05,09:32,12.69,11.21,13.71,False,False,False,3792700.0,15.08,15:00,12.34,True,False,1531000.0,False,False,0.18313727344365657,POS_4P_VOLUME_RECLAIM35
603773_20260810_g0,603773,沃格光电,2026-08-10,09:32,97.0,86.07,105.19,False,False,False,597500.0,98.1,15:00,85.87,True,False,369400.0,False,False,0.00614020618556697,POS_4P_VOLUME_RECLAIM35
603989_20260623_g0,603989,艾华集团,2026-06-23,09:33,43.88,39.98,48.86,False,False,False,451100.0,53.75,15:00,43.97,True,False,9200.0,False,False,0.21973163172288043,NORMAL_B4P_LIQUID_M3
605058_20260918_g0,605058,澳弘电子,2026-09-18,09:35,46.21,42.66,52.14,False,False,False,482000.0,53.27,15:00,43.59,True,False,31600.0,False,False,0.14758078338022082,NORMAL_B4P_DOUBLE_WASHOUT_M5
605179_20260814_g1,605179,一鸣食品,2026-08-14,09:35,33.73,28.72,35.1,False,False,False,1330100.0,38.61,15:00,31.59,True,False,291900.0,False,False,0.1394783278980137,CORE_RED_4P_REPAIR45
605366_20260629_g0,605366,宏柏新材,2026-06-29,09:35,13.27,12.58,15.38,False,False,False,1859800.0,12.85,15:00,11.73,True,False,1110200.0,False,False,-0.03685033911077619,NORMAL_B4P_DOUBLE_WASHOUT_M5