event_id,code,name,day1,lane,entry_idx,entry_clock,entry_price,signal_time,d2_gap,d2_date,exit_clock,exit_rule,exit_price,net_ret,positive,t1_date
600785_20260120_g0,600785,新华百货,2026-01-20,POS_4P_VOLUME_RECLAIM35,1,09:31,23.12,09:31,0.019815668202765035,2026-01-21,09:33,POS_T1_M4_STOP,22.5,-0.03201660899653981,False,2026-01-22
002931_20260202_g1,002931,锋龙股份,2026-02-02,CORE_RED_4P_REPAIR45,5,09:35,102.99,09:35,0.03894747833350731,2026-02-03,15:00,T1_CLOSE,110.44,0.06713712010874838,True,2026-02-04
002830_20260205_g0,002830,名雕股份,2026-02-05,B4P_PANIC_CAPITULATION_OPEN,0,09:30,25.07,09:25,-0.1001435750179468,2026-02-06,09:31,PO_T1_M2_TP,33.33,0.3242774631033106,True,2026-02-09
603618_20260205_g0,603618,杭电股份,2026-02-05,POS_4P_VOLUME_RECLAIM35,2,09:32,12.69,09:32,0.0,2026-02-06,15:00,T1_CLOSE,15.08,0.18313727344365657,True,2026-02-09
000070_20260213_g0,000070,特发信息,2026-02-13,PANIC_3_LIQ_RECLAIM45,1,09:31,18.38,09:31,0.04045584045584061,2026-02-24,09:35,P3_T1_M6_TP,18.54,0.003505114254624613,True,2026-02-25
002498_20260226_g1,002498,汉缆股份,2026-02-26,POS_4P_VOLUME_RECLAIM35,3,09:33,8.35,09:33,0.0,2026-02-27,09:33,POS_T1_M4_STOP,8.2,-0.023164071856287455,False,2026-03-02
000890_20260227_g0,000890,法尔胜,2026-02-27,CORE_RED_4P_REPAIR45,7,09:37,8.03,09:37,-0.07702349869451697,2026-03-02,09:33,R4_T1_M4_STOP,8.27,0.024687920298879323,True,2026-03-03
001896_20260302_g0,001896,豫能控股,2026-03-02,POS_4P_VOLUME_RECLAIM35,4,09:34,14.3,09:34,-0.01768033946251768,2026-03-03,15:00,T1_CLOSE,14.26,-0.007997202797202858,False,2026-03-04
600108_20260305_g0,600108,亚盛集团,2026-03-05,NORMAL_B4P_LIQUID_M3,3,09:33,4.97,09:33,-0.03386454183266929,2026-03-06,09:33,LM3_T1_M4_TP,5.84,0.1698503018108651,True,2026-03-09
603318_20260305_g0,603318,水发燃气,2026-03-05,B4P_PANIC_CAPITULATION_OPEN,0,09:30,9.31,09:25,-0.03020833333333328,2026-03-06,09:31,PO_T1_M2_TP,10.95,0.17095467239527382,True,2026-03-09
002445_20260316_g0,002445,中南文化,2026-03-16,B4P_PANIC_CAPITULATION_OPEN,0,09:30,3.8,09:25,-0.05940594059405946,2026-03-17,15:00,T1_CLOSE,4.07,0.06585263157894748,True,2026-03-18
000601_20260323_g0,000601,韶能股份,2026-03-23,PANIC_3_LIQ_RECLAIM45,2,09:32,7.54,09:32,0.023192360163710735,2026-03-24,15:00,T1_CLOSE,8.87,0.171192572944297,True,2026-03-25
002309_20260326_g0,002309,中利集团,2026-03-26,NORMAL_B4P_LIQUID_M3,3,09:33,4.32,09:33,-0.044303797468354444,2026-03-27,09:33,LM3_T1_M4_TP,4.49,0.034151851851851864,True,2026-03-30
000720_20260330_g0,000720,新能泰山,2026-03-30,B4P_PANIC_CAPITULATION_OPEN,0,09:30,4.6,09:25,-0.07258064516129037,2026-03-31,09:31,PO_T1_M2_TP,5.11,0.10566956521739145,True,2026-04-01
603538_20260331_g0,603538,美诺华,2026-03-31,NORMAL_B4P_LIQUID_M3,3,09:33,40.04,09:33,0.0,2026-04-01,15:00,T1_CLOSE,42.32,0.051743056943056906,True,2026-04-02
002990_20260420_g0,002990,盛视科技,2026-04-20,NORMAL_B4P_LIQUID_M3,3,09:33,46.6,09:33,-0.002448979591836653,2026-04-21,15:00,T1_CLOSE,48.53,0.03621630901287563,True,2026-04-22
002297_20260421_g0,002297,博云新材,2026-04-21,CORE_RED_4P_REPAIR45,5,09:35,20.7,09:35,0.005792522380200227,2026-04-22,15:00,T1_CLOSE,22.24,0.06919613526570055,True,2026-04-23
600961_20260422_g0,600961,株冶集团,2026-04-22,POS_4P_VOLUME_RECLAIM35,1,09:31,29.33,09:31,-0.020562028786840325,2026-04-23,15:00,T1_CLOSE,30.22,0.025144357313331072,True,2026-04-24
002210_20260430_g0,002210,飞马国际,2026-04-30,PANIC_3_LIQ_RECLAIM45,1,09:31,3.06,09:31,0.010067114093959662,2026-05-06,15:00,T1_CLOSE,3.29,0.06996339869281042,True,2026-05-07
603095_20260506_g0,603095,越剑智能,2026-05-06,CORE_RED_4P_REPAIR45,5,09:35,24.87,09:35,-0.007444168734491274,2026-05-07,15:00,T1_CLOSE,25.86,0.03460699638118202,True,2026-05-08
002081_20260508_g1,002081,金 螳 螂,2026-05-08,CORE_RED_4P_REPAIR45,7,09:37,7.41,09:37,0.02499999999999991,2026-05-11,15:00,T1_CLOSE,7.98,0.07172307692307688,True,2026-05-12
603007_20260515_g0,603007,顺景科技,2026-05-15,PANIC_3_LIQ_RECLAIM45,6,09:36,8.51,09:36,0.004778972520908198,2026-05-18,15:00,T1_CLOSE,8.33,-0.026351586368977626,False,2026-05-19
002272_20260521_g0,002272,川润股份,2026-05-21,PANIC_3_LIQ_RECLAIM45,13,09:43,22.93,09:43,0.01959910913140317,2026-05-22,15:00,T1_CLOSE,24.1,0.04582485826428272,True,2026-05-25
600162_20260601_g0,600162,香江控股,2026-06-01,POS_4P_VOLUME_RECLAIM35,1,09:31,3.06,09:31,-0.003424657534246478,2026-06-02,15:00,T1_CLOSE,3.35,0.08957124183006547,True,2026-06-03
000539_20260602_g0,000539,粤电力Ａ,2026-06-02,NORMAL_B4P_LIQUID_M3,3,09:33,8.74,09:33,-0.01533406352683464,2026-06-03,15:00,T1_CLOSE,9.17,0.04399908466819223,True,2026-06-04
603330_20260605_g0,603330,天洋新材,2026-06-05,B4P_PANIC_CAPITULATION_OPEN,0,09:30,7.75,09:25,-0.09988385598141691,2026-06-08,15:00,T1_CLOSE,8.53,0.09544516129032253,True,2026-06-09
600403_20260609_g0,600403,大有能源,2026-06-09,B4P_PANIC_DEEP_IMPULSE5,5,09:35,8.07,09:35,-0.032258064516129115,2026-06-10,15:00,T1_CLOSE,8.05,-0.007678314745972709,False,2026-06-11
002254_20260610_g0,002254,泰和新材,2026-06-10,PANIC_3_LIQ_RECLAIM45,1,09:31,17.7,09:31,0.009883720930232709,2026-06-11,15:00,T1_CLOSE,18.06,0.01513898305084736,True,2026-06-12
002354_20260611_g0,002354,天娱数科,2026-06-11,B4P_PANIC_CAPITULATION_OPEN,0,09:30,7.42,09:25,-0.07017543859649134,2026-06-12,15:00,T1_CLOSE,7.5,0.005581671159029616,True,2026-06-15
002971_20260615_g0,002971,和远气体,2026-06-15,CORE_RED_4P_REPAIR45,8,09:38,61.1,09:38,0.001408946812257783,2026-06-16,15:00,T1_CLOSE,61.25,-0.0027450081833061586,False,2026-06-17
000032_20260617_g0,000032,深桑达Ａ,2026-06-17,POS_4P_VOLUME_RECLAIM35,1,09:31,24.01,09:31,0.0055986218776917784,2026-06-18,15:00,T1_CLOSE,24.59,0.018956601416076562,True,2026-06-22
603989_20260623_g0,603989,艾华集团,2026-06-23,NORMAL_B4P_LIQUID_M3,3,09:33,43.88,09:33,-0.03196758217019369,2026-06-24,15:00,T1_CLOSE,53.75,0.21973163172288043,True,2026-06-25
605366_20260629_g0,605366,宏柏新材,2026-06-29,NORMAL_B4P_DOUBLE_WASHOUT_M5,5,09:35,13.27,09:35,-0.02002861230329045,2026-06-30,15:00,T1_CLOSE,12.85,-0.03685033911077619,False,2026-07-01
600744_20260723_g0,600744,华银电力,2026-07-23,NORMAL_B4P_LIQUID_M3,3,09:33,7.48,09:33,-0.043147208121827374,2026-07-24,09:33,LM3_T1_M4_TP,7.84,0.04292834224598928,True,2026-07-27
000593_20260806_g0,000593,德龙汇能,2026-08-06,POS_4P_VOLUME_RECLAIM35,4,09:34,23.09,09:34,-0.012323943661971759,2026-08-07,15:00,T1_CLOSE,24.75,0.06669259419662198,True,2026-08-10
002963_20260807_g0,002963,豪尔赛,2026-08-07,NORMAL_B4P_DOUBLE_WASHOUT_M5,5,09:35,18.05,09:35,-0.00108108108108107,2026-08-10,15:00,T1_CLOSE,20.09,0.1078193905817174,True,2026-08-11
603773_20260810_g0,603773,沃格光电,2026-08-10,POS_4P_VOLUME_RECLAIM35,2,09:32,97.0,09:32,0.00041827878280886743,2026-08-11,15:00,T1_CLOSE,98.1,0.00614020618556697,True,2026-08-12
002552_20260811_g0,002552,宝鼎科技,2026-08-11,POS_4P_VOLUME_RECLAIM35,3,09:33,55.39,09:33,0.00036623329060625487,2026-08-12,15:00,T1_CLOSE,58.66,0.0538359270626466,True,2026-08-13
600272_20260813_g0,600272,开开实业,2026-08-13,CORE_RED_4P_REPAIR45,9,09:39,16.99,09:39,-0.026874999999999982,2026-08-14,15:00,T1_CLOSE,19.03,0.11487062978222494,True,2026-08-17
605179_20260814_g1,605179,一鸣食品,2026-08-14,CORE_RED_4P_REPAIR45,5,09:35,33.73,09:35,0.015982450642431978,2026-08-17,15:00,T1_CLOSE,38.61,0.1394783278980137,True,2026-08-18
002172_20260818_g0,002172,澳洋健康,2026-08-18,B4P_PANIC_CAPITULATION_OPEN,0,09:30,4.5,09:25,0.00222717149220486,2026-08-19,15:00,T1_CLOSE,4.44,-0.018533333333333197,False,2026-08-20
600353_20260819_g0,600353,旭光电子,2026-08-19,PANIC_3_LIQ_RECLAIM45,14,09:44,33.87,09:44,-0.0204202426753477,2026-08-20,15:00,T1_CLOSE,38.28,0.12500372010628888,True,2026-08-21
600127_20260821_g0,600127,金健米业,2026-08-21,NORMAL_B4P_LIQUID_M3,3,09:33,8.0,09:33,0.018292682926829285,2026-08-24,09:33,LM3_T1_M4_TP,9.31,0.15855000000000005,True,2026-08-25
003040_20260828_g0,003040,楚天龙,2026-08-28,NORMAL_B4P_LIQUID_M3,3,09:33,17.57,09:33,-0.020000000000000018,2026-08-31,15:00,T1_CLOSE,19.58,0.10919954467842895,True,2026-09-01
000017_20260831_g0,000017,深中华A,2026-08-31,CORE_RED_4P_REPAIR45,5,09:35,11.41,09:35,-0.0267618198037467,2026-09-01,15:00,T1_CLOSE,11.75,0.024598422436459138,True,2026-09-02
600479_20260831_g0,600479,千金药业,2026-08-31,PANIC_3_LIQ_RECLAIM45,2,09:32,12.21,09:32,-0.009053497942386968,2026-09-01,09:35,P3_T1_M6_TP,14.29,0.1651521703521702,True,2026-09-02
002909_20260904_g0,002909,集泰股份,2026-09-04,B4P_PANIC_CAPITULATION_OPEN,0,09:30,7.54,09:25,0.04576976421636614,2026-09-07,15:00,T1_CLOSE,8.72,0.1512986737400531,True,2026-09-08
601086_20260904_g0,601086,国芳集团,2026-09-04,POS_4P_VOLUME_RECLAIM35,1,09:31,13.53,09:31,0.02213438735177853,2026-09-07,15:00,T1_CLOSE,14.95,0.09975195861049523,True,2026-09-08
002912_20260916_g0,002912,中新赛克,2026-09-16,B4P_PANIC_DEEP_IMPULSE5,5,09:35,24.19,09:35,-0.0870753611870363,2026-09-17,15:00,T1_CLOSE,24.55,0.009682182720132198,True,2026-09-18
000993_20260917_g0,000993,闽东电力,2026-09-17,CORE_RED_4P_REPAIR45,5,09:35,19.22,09:35,0.018363939899833204,2026-09-18,15:00,T1_CLOSE,20.43,0.057755254942768106,True,2026-09-21
605058_20260918_g0,605058,澳弘电子,2026-09-18,NORMAL_B4P_DOUBLE_WASHOUT_M5,5,09:35,46.21,09:35,0.012658227848101333,2026-09-21,15:00,T1_CLOSE,53.27,0.14758078338022082,True,2026-09-22
601811_20260928_g0,601811,新华文轩,2026-09-28,B4P_PANIC_CAPITULATION_OPEN,0,09:30,19.06,09:25,0.029157667386608965,2026-09-29,15:00,T1_CLOSE,21.12,0.1028797481636937,True,2026-09-30