event_id,pit_entry_match,exit,early_exit_pit_match
000017_20260831_g0,True,T1_CLOSE,
000032_20260617_g0,True,T1_CLOSE,
000070_20260213_g0,True,P3_T1_M6_TP,True
000539_20260602_g0,True,T1_CLOSE,
000593_20260806_g0,True,T1_CLOSE,
000601_20260323_g0,True,T1_CLOSE,
000720_20260330_g0,True,PO_T1_M2_TP,True
000890_20260227_g0,True,R4_T1_M4_STOP,True
000993_20260917_g0,True,T1_CLOSE,
001896_20260302_g0,True,T1_CLOSE,
002081_20260508_g1,True,T1_CLOSE,
002172_20260818_g0,True,T1_CLOSE,
002210_20260430_g0,True,T1_CLOSE,
002254_20260610_g0,True,T1_CLOSE,
002272_20260521_g0,True,T1_CLOSE,
002297_20260421_g0,True,T1_CLOSE,
002309_20260326_g0,True,LM3_T1_M4_TP,True
002354_20260611_g0,True,T1_CLOSE,
002445_20260316_g0,True,T1_CLOSE,
002498_20260226_g1,True,POS_T1_M4_STOP,True
002552_20260811_g0,True,T1_CLOSE,
002830_20260205_g0,True,PO_T1_M2_TP,True
002909_20260904_g0,True,T1_CLOSE,
002912_20260916_g0,True,T1_CLOSE,
002931_20260202_g1,True,T1_CLOSE,
002963_20260807_g0,True,T1_CLOSE,
002971_20260615_g0,True,T1_CLOSE,
002990_20260420_g0,True,T1_CLOSE,
003040_20260828_g0,True,T1_CLOSE,
600108_20260305_g0,True,LM3_T1_M4_TP,True
600127_20260821_g0,True,LM3_T1_M4_TP,True
600162_20260601_g0,True,T1_CLOSE,
600272_20260813_g0,True,T1_CLOSE,
600353_20260819_g0,True,T1_CLOSE,
600403_20260609_g0,True,T1_CLOSE,
600479_20260831_g0,True,P3_T1_M6_TP,True
600744_20260723_g0,True,LM3_T1_M4_TP,True
600785_20260120_g0,True,POS_T1_M4_STOP,True
600961_20260422_g0,True,T1_CLOSE,
601086_20260904_g0,True,T1_CLOSE,
601811_20260928_g0,True,T1_CLOSE,
603007_20260515_g0,True,T1_CLOSE,
603095_20260506_g0,True,T1_CLOSE,
603318_20260305_g0,True,PO_T1_M2_TP,True
603330_20260605_g0,True,T1_CLOSE,
603538_20260331_g0,True,T1_CLOSE,
603618_20260205_g0,True,T1_CLOSE,
603773_20260810_g0,True,T1_CLOSE,
603989_20260623_g0,True,T1_CLOSE,
605058_20260918_g0,True,T1_CLOSE,
605179_20260814_g1,True,T1_CLOSE,
605366_20260629_g0,True,T1_CLOSE,