event_id,day1,code,name,event_type,branch,bucket,lane,d2_date,signal_time,entry_clock,entry_price,d2_gap,m3_ret,d1_amount,d1_vol_prev,paper_only,future_label_used,ret_t1_close,subset
002112_20260116_g0,2026-01-16,002112,三变科技,PRIMARY_3PLUS,FAILED_OPEN,B3,FAILED_B3_RECOVERY_M3,2026-01-19,09:33,09:33,20.18,-0.10015022533800699,0.11797440178074581,3553961520.0,1.128045122967806,True,False,0.1295869177403369,JAN_JUN
002342_20260126_g1,2026-01-26,002342,巨力索具,RECYCLE_2PLUS,POSITIVE_BREAK,B3,POS_B3_LIQ_M3,2026-01-27,09:33,09:33,12.95,-0.08533916849015333,0.03189792663476876,4921386240.0,5.144143771209111,True,False,0.11680772200772203,JAN_JUN
001337_20260129_g0,2026-01-29,001337,四川黄金,PRIMARY_3PLUS,POSITIVE_BREAK,B4P,POS_B4P_LEAD_M3,2026-01-30,09:33,09:33,66.18,-0.09995920032639727,0.0,4353691776.0,2.3937500968196677,True,False,-0.10523022061045641,JAN_JUN
600916_20260130_g0,2026-01-30,600916,中国黄金,PRIMARY_3PLUS,POSITIVE_BREAK,B4P,POS_B4P_LEAD_M3,2026-02-02,09:33,09:33,13.21,-0.10013623978201625,0.0,6642191120.0,9.875408833437616,True,False,-0.02185404996214992,JAN_JUN
000995_20260204_g0,2026-02-04,000995,皇台酒业,PRIMARY_3PLUS,TOUCH_BREAK,B4P,TOUCH_B4P_REBOUND_M3,2026-02-05,09:33,09:33,19.61,0.0026371308016877038,0.03419253024723812,1475520256.0,1.6272293961135957,True,False,-0.08322141764405923,JAN_JUN
603103_20260204_g0,2026-02-04,603103,横店影视,PRIMARY_3PLUS,TOUCH_BREAK,B4P,TOUCH_B4P_REBOUND_M3,2026-02-05,09:33,09:33,31.13,0.0,0.07783182765809582,1577847464.0,5.772079837216214,True,False,0.06772001284934147,JAN_JUN
002830_20260205_g0,2026-02-05,002830,名雕股份,PRIMARY_3PLUS,PANIC,B4P,PANIC_B4P_FAST_RECOVERY_M3,2026-02-06,09:33,09:33,27.8,-0.1001435750179468,0.10091743119266061,738614306.0,2.2094227489318308,True,False,0.20774964028776974,JAN_JUN
000899_20260302_g0,2026-03-02,000899,赣能股份,PRIMARY_3PLUS,POSITIVE_BREAK,B3,POS_B3_LIQ_M3,2026-03-03,09:33,09:33,14.58,-0.04092769440654842,0.0369843527738265,2462498768.0,4.51745671382034,True,False,-0.04155116598079557,JAN_JUN
001896_20260302_g0,2026-03-02,001896,豫能控股,PRIMARY_3PLUS,POSITIVE_BREAK,B4P,POS_B4P_LEAD_M3,2026-03-03,09:33,09:33,13.95,-0.01768033946251768,0.003599712023037993,3360469152.0,1.9253400397737892,True,False,0.017022222222222366,JAN_JUN
002378_20260302_g0,2026-03-02,002378,章源钨业,PRIMARY_3PLUS,POSITIVE_BREAK,B3,POS_B3_LIQ_M3,2026-03-03,09:33,09:33,44.78,-0.002048247610377696,0.02098061573546195,6389549888.0,3.6686073287945535,True,False,-0.0007337204108978264,JAN_JUN
002470_20260302_g0,2026-03-02,002470,金正大,PRIMARY_3PLUS,TOUCH_BREAK,B4P,TOUCH_B4P_REBOUND_M3,2026-03-03,09:33,09:33,3.02,0.010309278350515427,0.027210884353741527,3135597152.0,0.9327136800510594,True,False,-0.07142516556291391,JAN_JUN
600498_20260303_g0,2026-03-03,600498,烽火通信,PRIMARY_3PLUS,NORMAL_RED,B3,NORMAL_B3_GAP_IMPULSE_M3,2026-03-04,09:33,09:33,56.78,-0.03794762159273124,0.051851851851851816,13990422400.0,6.868508635108492,True,False,-0.005376118351532195,JAN_JUN
002124_20260416_g0,2026-04-16,002124,天邦食品,PRIMARY_3PLUS,NORMAL_RED,B3,NORMAL_B3_GAP_IMPULSE_M3,2026-04-17,09:33,09:33,2.9,-0.04095563139931746,0.03202846975088969,1396502860.0,1.2330363730897302,True,False,0.04997241379310356,JAN_JUN
600156_20260421_g0,2026-04-21,600156,华升股份,PRIMARY_3PLUS,FAILED_OPEN,B3,FAILED_B3_RECOVERY_M3,2026-04-22,09:33,09:33,9.88,-0.0449438202247191,0.05668449197860981,1309901336.0,3.3943705805496522,True,False,-0.009248582995951455,JAN_JUN
600961_20260422_g0,2026-04-22,600961,株冶集团,PRIMARY_3PLUS,POSITIVE_BREAK,B4P,POS_B4P_LEAD_M3,2026-04-23,09:33,09:33,29.71,-0.020562028786840325,0.039188243526941946,5696238144.0,16.6912230798431,True,False,0.011965937394816533,JAN_JUN
600396_20260424_g2,2026-04-24,600396,华电辽能,RECYCLE_2PLUS,NORMAL_RED,B3,NORMAL_B3_GAP_IMPULSE_M3,2026-04-27,09:33,09:33,9.26,-0.07391304347826089,0.08568075117370899,4377293056.0,1.0756467442023971,True,False,0.16110669546436304,JAN_JUN
603399_20260507_g0,2026-05-07,603399,永杉锂业,PRIMARY_3PLUS,POSITIVE_BREAK,B4P,POS_B4P_LEAD_M3,2026-05-08,09:33,09:33,24.45,0.01727192205491579,0.062255115367871205,3731408200.0,21.690983791144046,True,False,-0.0007010224948874773,JAN_JUN
603045_20260512_g0,2026-05-12,603045,福达合金,PRIMARY_3PLUS,POSITIVE_BREAK,B4P,POS_B4P_LEAD_M3,2026-05-13,09:33,09:33,74.08,-0.019562559434859406,0.025911043369821307,2394514808.0,60.729545872403015,True,False,-0.0683749460043196,JAN_JUN
603459_20260512_g0,2026-05-12,603459,红板科技,PRIMARY_3PLUS,POSITIVE_BREAK,B3,POS_B3_LIQ_M3,2026-05-13,09:33,09:33,96.6,-0.030364806866952754,0.07115193095053662,4241917208.0,17.059831342771016,True,False,-0.11948571428571421,JAN_JUN
603738_20260512_g0,2026-05-12,603738,泰晶科技,PRIMARY_3PLUS,POSITIVE_BREAK,B3,POS_B3_LIQ_M3,2026-05-13,09:33,09:33,54.43,-0.017686072218128235,0.019129782445611365,4099758864.0,2.97441147541611,True,False,-0.031839720742237745,JAN_JUN
600578_20260519_g0,2026-05-19,600578,京能电力,PRIMARY_3PLUS,POSITIVE_BREAK,B4P,POS_B4P_LEAD_M3,2026-05-20,09:33,09:33,8.06,-0.030229746070133068,0.0037406483790525247,4150404316.0,2.1615882292216932,True,False,0.009688337468982549,JAN_JUN
002421_20260521_g0,2026-05-21,002421,达实智能,PRIMARY_3PLUS,TOUCH_BREAK,B4P,TOUCH_B4P_REBOUND_M3,2026-05-22,09:33,09:33,4.04,-0.025252525252525304,0.04404145077720223,3931646128.0,1.7683789649338515,True,False,0.18291881188118805,JAN_JUN
600611_20260525_g0,2026-05-25,600611,大众交通,PRIMARY_3PLUS,POSITIVE_BREAK,B3,POS_B3_LIQ_M3,2026-05-26,09:33,09:33,6.04,-0.04071661237785018,0.02376910016977929,2259568164.0,6.2143834177747825,True,False,-0.14923973509933777,JAN_JUN
603011_20260602_g0,2026-06-02,603011,合锻智能,PRIMARY_3PLUS,POSITIVE_BREAK,B4P,POS_B4P_LEAD_M3,2026-06-03,09:33,09:33,28.23,-0.051397033459813724,0.02218181818181808,3976650560.0,4.240620605443318,True,False,0.1375559334041799,JAN_JUN
600255_20260605_g0,2026-06-05,600255,鑫科材料,PRIMARY_3PLUS,NORMAL_RED,B3,NORMAL_B3_GAP_IMPULSE_M3,2026-06-08,09:33,09:33,4.47,-0.03118040089086871,0.034482758620689724,2694712944.0,0.9469280559825828,True,False,-0.007437136465324307,JAN_JUN
002636_20260611_g0,2026-06-11,002636,金安国纪,PRIMARY_3PLUS,POSITIVE_BREAK,B3,POS_B3_LIQ_M3,2026-06-12,09:33,09:33,92.85,0.061202830188679114,0.02733637070785644,7572449772.0,2.3876525858254602,True,False,0.043157565966612896,JAN_JUN
000811_20260623_g0,2026-06-23,000811,冰轮环境,PRIMARY_3PLUS,POSITIVE_BREAK,B3,POS_B3_LIQ_M3,2026-06-24,09:33,09:33,44.84,-0.02446075161218597,0.02279462046956926,4419304416.0,1.4052796104955945,True,False,0.18837716324710083,JAN_JUN
600353_20260623_g0,2026-06-23,600353,旭光电子,PRIMARY_3PLUS,POSITIVE_BREAK,B4P,POS_B4P_LEAD_M3,2026-06-24,09:33,09:33,50.79,0.00143442622950829,0.039492531205238324,7467104896.0,22.367866423556773,True,False,-0.045365386887182516,JAN_JUN
603956_20260630_g0,2026-06-30,603956,威派格,PRIMARY_3PLUS,NORMAL_RED,B3,NORMAL_B3_GAP_IMPULSE_M3,2026-07-01,09:33,09:33,6.36,-0.03650793650793649,0.0494233937397035,577924568.0,1.264040639903206,True,False,-0.08067169811320764,JAN_JUN
002841_20260710_g0,2026-07-10,002841,视源股份,PRIMARY_3PLUS,POSITIVE_BREAK,B3,POS_B3_LIQ_M3,2026-07-13,09:33,09:33,52.86,-0.017921830314585385,0.026985051446321018,2425018384.0,0.8823964818228831,True,False,-0.029036549375709337,JUL_SEP_PSEUDO
603137_20260710_g0,2026-07-10,603137,恒尚节能,PRIMARY_3PLUS,POSITIVE_BREAK,B4P,POS_B4P_LEAD_M3,2026-07-13,09:33,09:33,27.52,-0.04560747663551401,0.07520564042303168,1067006651.0,2.931727455213423,True,False,0.17103546511627896,JUL_SEP_PSEUDO
001395_20260714_g0,2026-07-14,001395,亚联机械,PRIMARY_3PLUS,NORMAL_RED,B3,NORMAL_B3_GAP_IMPULSE_M3,2026-07-15,09:33,09:33,29.65,-0.04471679364027825,0.0277392510402219,258744620.0,0.7358211776025291,True,False,0.0885605396290051,JUL_SEP_PSEUDO
600664_20260717_g0,2026-07-17,600664,哈药股份,PRIMARY_3PLUS,POSITIVE_BREAK,B4P,POS_B4P_LEAD_M3,2026-07-20,09:33,09:33,4.8,-0.09943714821763605,0.0,4522777752.0,2.9450297199975606,True,False,0.21146666666666677,JUL_SEP_PSEUDO
001258_20260724_g0,2026-07-24,001258,立新能源,PRIMARY_3PLUS,POSITIVE_BREAK,B4P,POS_B4P_LEAD_M3,2026-07-27,09:33,09:33,13.61,-0.0007674597083653367,0.04377880184331806,2713108772.0,1.9535572139067694,True,False,-0.057367523879500296,JUL_SEP_PSEUDO
000428_20260730_g0,2026-07-30,000428,华天酒店,PRIMARY_3PLUS,FAILED_OPEN,B3,FAILED_B3_RECOVERY_M3,2026-07-31,09:33,09:33,4.07,-0.013054830287206332,0.07671957671957674,452627152.0,2.4924462428488194,True,False,-0.024856019656019707,JUL_SEP_PSEUDO
000815_20260805_g1,2026-08-05,000815,美利云,RECYCLE_2PLUS,POSITIVE_BREAK,B3,POS_B3_LIQ_M3,2026-08-06,09:33,09:33,18.68,-0.03236074270557043,0.025219298245614086,4156226224.0,5.927173736388753,True,False,-0.039996573875802924,JUL_SEP_PSEUDO
002975_20260807_g0,2026-08-07,002975,博杰股份,PRIMARY_3PLUS,POSITIVE_BREAK,B3,POS_B3_LIQ_M3,2026-08-10,09:33,09:33,99.23,0.0,0.015519705942413697,2284144424.0,1.508623319183549,True,False,-0.020417172226141384,JUL_SEP_PSEUDO
600206_20260810_g0,2026-08-10,600206,有研新材,PRIMARY_3PLUS,POSITIVE_BREAK,B3,POS_B3_LIQ_M3,2026-08-11,09:33,09:33,52.78,-0.026715356525081724,0.04383886255924163,8110518304.0,1.725003134864601,True,False,-0.001979082985979503,JUL_SEP_PSEUDO
603758_20260814_g0,2026-08-14,603758,秦安股份,PRIMARY_3PLUS,PANIC,B4P,PANIC_B4P_FAST_RECOVERY_M3,2026-08-17,09:33,09:33,13.38,-0.06005788712011573,0.03156274056966901,190066680.0,2.668616256786969,True,False,-0.04555874439461895,JUL_SEP_PSEUDO
002081_20260818_g0,2026-08-18,002081,金 螳 螂,PRIMARY_3PLUS,POSITIVE_BREAK,B4P,POS_B4P_LEAD_M3,2026-08-19,09:33,09:33,5.89,-0.1004784688995215,0.03546099290780136,4570048100.0,1.530173471436295,True,False,-0.06292495755517825,JUL_SEP_PSEUDO
002412_20260826_g0,2026-08-26,002412,汉森制药,PRIMARY_3PLUS,POSITIVE_BREAK,B4P,POS_B4P_LEAD_M3,2026-08-27,09:33,09:33,13.82,0.010695187165775444,0.04686318972033243,2431762776.0,1.744866601478015,True,False,-0.055127641099855254,JUL_SEP_PSEUDO
600785_20260826_g0,2026-08-26,600785,新华百货,PRIMARY_3PLUS,NORMAL_RED,B3,NORMAL_B3_GAP_IMPULSE_M3,2026-08-27,09:33,09:33,11.49,-0.03677758318739055,0.039090909090909065,812755240.0,0.993225723759135,True,False,0.07573994778067893,JUL_SEP_PSEUDO
002418_20260828_g0,2026-08-28,002418,康盛股份,PRIMARY_3PLUS,TOUCH_BREAK,B3,TOUCH_B3_REBOUND_M3,2026-08-31,09:33,09:33,4.98,-0.06326530612244907,0.08932461873638342,2521908060.0,1.9032343075766769,True,False,0.13536224899598367,JUL_SEP_PSEUDO
600103_20260828_g0,2026-08-28,600103,青山纸业,PRIMARY_3PLUS,POSITIVE_BREAK,B3,POS_B3_LIQ_M3,2026-08-31,09:33,09:33,3.74,-0.04935064935064937,0.027322404371584508,2970707514.0,5.542772566222312,True,False,0.1151208556149733,JUL_SEP_PSEUDO
000892_20260903_g0,2026-09-03,000892,欢瑞世纪,PRIMARY_3PLUS,TOUCH_BREAK,B3,TOUCH_B3_REBOUND_M3,2026-09-04,09:33,09:33,5.05,-0.06102362204724421,0.048218029350104885,1564525544.0,13.206979063360881,True,False,0.15519603960396053,JUL_SEP_PSEUDO
605577_20260908_g0,2026-09-08,605577,龙版传媒,PRIMARY_3PLUS,POSITIVE_BREAK,B4P,POS_B4P_LEAD_M3,2026-09-14,09:33,09:33,16.8,-0.10016068559185864,0.0,1248313344.0,4.50719754151391,True,False,-0.10520000000000009,JUL_SEP_PSEUDO
600792_20260911_g0,2026-09-11,600792,云煤能源,PRIMARY_3PLUS,TOUCH_BREAK,B3,TOUCH_B3_REBOUND_M3,2026-09-14,09:33,09:33,5.2,-0.07184466019417479,0.08995815899581583,1249033856.0,1.387389082881696,True,False,0.012107692307692246,JUL_SEP_PSEUDO
000823_20260915_g0,2026-09-15,000823,超声电子,PRIMARY_3PLUS,POSITIVE_BREAK,B3,POS_B3_LIQ_M3,2026-09-16,09:33,09:33,23.48,-0.03682008368200829,0.019113814074717794,5794334208.0,2.09960579563363,True,False,0.02631618398637135,JUL_SEP_PSEUDO