date,source_id,code,stock_name,board_level,source_time
2026-07-01,yyqyx_limitup,002822,ST中装,7,09:30
2026-07-01,yyqyx_limitup,600180,*ST瑞茂,4,09:25
2026-07-01,yyqyx_limitup,002856,*ST美芝,3,09:25
2026-07-01,yyqyx_limitup,002175,*ST东智,3,09:25
2026-07-01,yyqyx_limitup,600113,浙江东日,3,09:30
2026-07-01,yyqyx_limitup,002407,多氟多,3,09:31
2026-07-01,yyqyx_limitup,000566,海南海药,3,13:16
2026-07-01,yyqyx_limitup,603789,ST星农,2,09:25
2026-07-01,yyqyx_limitup,603272,*ST联翔,2,09:25
2026-07-01,yyqyx_limitup,603137,恒尚节能,2,09:25
2026-07-01,yyqyx_limitup,002569,*ST步森,2,09:25
2026-07-01,yyqyx_limitup,002273,水晶光电,2,09:25
2026-07-01,yyqyx_limitup,000711,ST京蓝,2,09:25
2026-07-01,yyqyx_limitup,002738,中矿资源,2,09:30
2026-07-01,yyqyx_limitup,002360,ST同德,2,09:30
2026-07-01,yyqyx_limitup,002193,ST如意,2,09:30
2026-07-01,yyqyx_limitup,000909,*ST数源,2,09:30
2026-07-01,yyqyx_limitup,000820,*ST节能,2,09:30
2026-07-01,yyqyx_limitup,603379,三美股份,2,09:31
2026-07-01,yyqyx_limitup,600076,康欣新材,2,09:31
2026-07-01,yyqyx_limitup,002747,埃斯顿,2,09:31
2026-07-01,yyqyx_limitup,002717,*ST岭南,2,09:31
2026-07-01,yyqyx_limitup,300518,新迅达,2,09:32
2026-07-01,yyqyx_limitup,002977,*ST天箭,2,09:32
2026-07-01,yyqyx_limitup,002396,星网锐捷,2,09:32
2026-07-01,yyqyx_limitup,002167,东方锆业,2,09:32
2026-07-01,yyqyx_limitup,000016,*ST康佳A,2,09:34
2026-07-01,yyqyx_limitup,002053,云南能投,2,09:35
2026-07-01,yyqyx_limitup,603120,肯特催化,2,09:42
2026-07-01,yyqyx_limitup,600783,鲁信创投,2,09:46
2026-07-01,yyqyx_limitup,603991,领先股份,2,09:49
2026-07-01,yyqyx_limitup,002514,*ST宝馨,2,09:50
2026-07-01,yyqyx_limitup,600641,先导基电,2,10:00
2026-07-01,yyqyx_limitup,000603,盛达资源,2,10:08
2026-07-01,yyqyx_limitup,001331,胜通能源,2,11:08
2026-07-01,yyqyx_limitup,002929,润建股份,2,13:00
2026-07-01,yyqyx_limitup,603212,赛伍技术,2,13:02
2026-07-01,yyqyx_limitup,688728,格科微,2,13:33
2026-07-02,yyqyx_limitup,600180,*ST瑞茂,5,09:25
2026-07-02,yyqyx_limitup,002856,*ST美芝,4,09:25
2026-07-02,yyqyx_limitup,002175,*ST东智,4,09:25
2026-07-02,yyqyx_limitup,000566,海南海药,4,09:30
2026-07-02,yyqyx_limitup,603789,ST星农,3,09:25
2026-07-02,yyqyx_limitup,603272,*ST联翔,3,09:25
2026-07-02,yyqyx_limitup,603137,恒尚节能,3,09:25
2026-07-02,yyqyx_limitup,600641,先导基电,3,09:25
2026-07-02,yyqyx_limitup,002977,*ST天箭,3,09:25
2026-07-02,yyqyx_limitup,002569,*ST步森,3,09:25
2026-07-02,yyqyx_limitup,002360,ST同德,3,09:25
2026-07-02,yyqyx_limitup,000711,ST京蓝,3,09:25
2026-07-02,yyqyx_limitup,000016,*ST康佳A,3,09:25
2026-07-02,yyqyx_limitup,000820,*ST节能,3,09:32
2026-07-02,yyqyx_limitup,000909,*ST数源,3,09:44
2026-07-02,yyqyx_limitup,002586,ST围海,3,13:40
2026-07-02,yyqyx_limitup,600759,ST洲际,2,09:25
2026-07-02,yyqyx_limitup,600491,ST龙元,2,09:25
2026-07-02,yyqyx_limitup,002667,*ST威领,2,09:25
2026-07-02,yyqyx_limitup,002547,*ST春兴,2,09:25
2026-07-02,yyqyx_limitup,000639,ST西王,2,09:25
2026-07-02,yyqyx_limitup,603828,*ST利达,2,09:30
2026-07-02,yyqyx_limitup,603557,*ST起步,2,09:30
2026-07-02,yyqyx_limitup,002542,*ST中岩,2,09:30
2026-07-02,yyqyx_limitup,002458,益生股份,2,09:30
2026-07-02,yyqyx_limitup,002305,*ST南置,2,09:30
2026-07-02,yyqyx_limitup,000520,凤凰航运,2,09:30
2026-07-02,yyqyx_limitup,603538,美诺华,2,09:31
2026-07-02,yyqyx_limitup,600793,宜宾纸业,2,09:31
2026-07-02,yyqyx_limitup,600082,ST海泰,2,09:31
2026-07-02,yyqyx_limitup,002656,*ST摩登,2,09:31
2026-07-02,yyqyx_limitup,002005,ST德豪,2,09:31
2026-07-02,yyqyx_limitup,000601,韶能股份,2,09:31
2026-07-02,yyqyx_limitup,000078,ST海王,2,09:31
2026-07-02,yyqyx_limitup,002826,易明医药,2,09:32
2026-07-02,yyqyx_limitup,002620,*ST瑞和,2,09:32
2026-07-02,yyqyx_limitup,002109,ST兴化,2,09:33
2026-07-02,yyqyx_limitup,000010,*ST美丽,2,09:33
2026-07-02,yyqyx_limitup,000632,ST三木,2,09:34
2026-07-02,yyqyx_limitup,301092,争光股份,2,09:35
2026-07-02,yyqyx_limitup,002559,亚威股份,2,09:36
2026-07-02,yyqyx_limitup,601718,ST际华,2,09:39
2026-07-02,yyqyx_limitup,002198,ST嘉应,2,09:39
2026-07-02,yyqyx_limitup,603359,*ST东珠,2,09:40
2026-07-02,yyqyx_limitup,002971,和远气体,2,09:40
2026-07-02,yyqyx_limitup,603429,*ST集友,2,09:41
2026-07-02,yyqyx_limitup,600581,*ST八钢,2,09:41
2026-07-02,yyqyx_limitup,601010,ST文峰,2,09:42
2026-07-02,yyqyx_limitup,600182,S佳通,2,09:42
2026-07-02,yyqyx_limitup,600119,*ST长投,2,09:42
2026-07-02,yyqyx_limitup,600423,*ST柳化,2,09:44
2026-07-02,yyqyx_limitup,002102,ST能特,2,09:45
2026-07-02,yyqyx_limitup,000536,华映科技,2,09:51
2026-07-02,yyqyx_limitup,600624,ST复华,2,09:51
2026-07-02,yyqyx_limitup,002592,ST八菱,2,09:52
2026-07-02,yyqyx_limitup,000698,ST沈化,2,09:52
2026-07-02,yyqyx_limitup,605199,ST葫芦娃,2,09:54
2026-07-02,yyqyx_limitup,000677,ST海龙,2,09:59
2026-07-02,yyqyx_limitup,603559,中通国脉,2,10:00
2026-07-02,yyqyx_limitup,605488,福莱新材,2,10:09
2026-07-02,yyqyx_limitup,603021,*ST华鹏,2,10:37
2026-07-02,yyqyx_limitup,603505,金石资源,2,11:28
2026-07-02,yyqyx_limitup,001313,粤海饲料,2,13:01
2026-07-02,yyqyx_limitup,605189,富春染织,2,13:34
2026-07-03,yyqyx_limitup,002175,*ST东智,5,09:25
2026-07-03,yyqyx_limitup,603789,ST星农,4,09:25
2026-07-03,yyqyx_limitup,603137,恒尚节能,4,09:25
2026-07-03,yyqyx_limitup,002977,*ST天箭,4,09:25
2026-07-03,yyqyx_limitup,002360,ST同德,4,09:30
2026-07-03,yyqyx_limitup,000909,*ST数源,4,09:30
2026-07-03,yyqyx_limitup,000711,ST京蓝,4,09:31
2026-07-03,yyqyx_limitup,000016,*ST康佳A,4,09:35
2026-07-03,yyqyx_limitup,603828,*ST利达,3,09:25
2026-07-03,yyqyx_limitup,603557,*ST起步,3,09:25
2026-07-03,yyqyx_limitup,601718,ST际华,3,09:25
2026-07-03,yyqyx_limitup,002667,*ST威领,3,09:25
2026-07-03,yyqyx_limitup,002542,*ST中岩,3,09:25
2026-07-03,yyqyx_limitup,000078,ST海王,3,09:25
2026-07-03,yyqyx_limitup,600793,宜宾纸业,3,09:30
2026-07-03,yyqyx_limitup,000639,ST西王,3,09:32
2026-07-03,yyqyx_limitup,603559,中通国脉,3,09:33
2026-07-03,yyqyx_limitup,601010,ST文峰,3,09:33
2026-07-03,yyqyx_limitup,600082,ST海泰,3,09:34
2026-07-03,yyqyx_limitup,605199,ST葫芦娃,3,09:35
2026-07-03,yyqyx_limitup,600624,ST复华,3,09:37
2026-07-03,yyqyx_limitup,002005,ST德豪,3,10:38
2026-07-03,yyqyx_limitup,600759,ST洲际,3,10:44
2026-07-03,yyqyx_limitup,002305,*ST南置,3,10:44
2026-07-03,yyqyx_limitup,002109,ST兴化,3,11:19
2026-07-03,yyqyx_limitup,605189,富春染织,3,13:18
2026-07-03,yyqyx_limitup,002198,ST嘉应,3,13:45
2026-07-03,yyqyx_limitup,002979,雷赛智能,2,09:25
2026-07-03,yyqyx_limitup,000656,金科股份,2,09:25
2026-07-03,yyqyx_limitup,000595,宝塔实业,2,09:25
2026-07-03,yyqyx_limitup,000506,招金黄金,2,09:30
2026-07-03,yyqyx_limitup,603822,ST嘉澳,2,09:31
2026-07-03,yyqyx_limitup,603377,ST东时,2,09:31
2026-07-03,yyqyx_limitup,600988,赤峰黄金,2,09:31
2026-07-03,yyqyx_limitup,600084,*ST尼雅,2,09:31
2026-07-03,yyqyx_limitup,001317,三羊马,2,09:33
2026-07-03,yyqyx_limitup,000908,石药景峰,2,09:35
2026-07-03,yyqyx_limitup,603717,天域生物,2,09:36
2026-07-03,yyqyx_limitup,000576,甘化科工,2,09:41
2026-07-03,yyqyx_limitup,000838,*ST发展,2,09:47
2026-07-03,yyqyx_limitup,002122,ST汇洲,2,10:03
2026-07-03,yyqyx_limitup,603286,日盈电子,2,10:17
2026-07-03,yyqyx_limitup,600165,ST宁科,2,10:25
2026-07-03,yyqyx_limitup,603338,浙江鼎力,2,11:23
2026-07-03,yyqyx_limitup,600243,*ST海华,2,13:08
2026-07-03,yyqyx_limitup,002726,ST龙大,2,13:28
2026-07-03,yyqyx_limitup,000821,ST京机,2,14:48
2026-07-03,yyqyx_limitup,603580,艾艾精工,2,14:56
2026-07-06,yyqyx_limitup,002175,*ST东智,6,09:25
2026-07-06,yyqyx_limitup,603789,ST星农,5,09:25
2026-07-06,yyqyx_limitup,603137,恒尚节能,5,09:25
2026-07-06,yyqyx_limitup,600793,宜宾纸业,4,09:36
2026-07-06,yyqyx_limitup,000078,ST海王,4,13:35
2026-07-06,yyqyx_limitup,600759,ST洲际,4,14:33
2026-07-06,yyqyx_limitup,002726,ST龙大,3,09:25
2026-07-06,yyqyx_limitup,000656,金科股份,3,09:25
2026-07-06,yyqyx_limitup,002396,星网锐捷,2,09:25
2026-07-06,yyqyx_limitup,603722,阿科力,2,09:25
2026-07-06,yyqyx_limitup,002767,先锋电子,2,09:30
2026-07-06,yyqyx_limitup,603211,晋拓股份,2,09:32
2026-07-06,yyqyx_limitup,002141,贤丰控股,2,09:32
2026-07-07,yyqyx_limitup,603137,恒尚节能,6,09:25
2026-07-07,yyqyx_limitup,600793,宜宾纸业,5,09:46
2026-07-07,yyqyx_limitup,000078,ST海王,5,09:49
2026-07-07,yyqyx_limitup,600288,大恒科技,2,09:34
2026-07-07,yyqyx_limitup,600246,万通发展,2,09:48
2026-07-07,yyqyx_limitup,603861,白云电器,2,09:51
2026-07-08,yyqyx_limitup,603137,恒尚节能,7,09:25
2026-07-08,yyqyx_limitup,000078,ST海王,6,09:40
2026-07-08,yyqyx_limitup,600288,大恒科技,3,11:16
2026-07-08,yyqyx_limitup,001229,魅视科技,2,09:25
2026-07-08,yyqyx_limitup,600094,大名城,2,09:30
2026-07-08,yyqyx_limitup,301251,威尔高,2,09:30
2026-07-08,yyqyx_limitup,002841,视源股份,2,09:34
2026-07-08,yyqyx_limitup,001365,天海电子,2,13:07
2026-07-08,yyqyx_limitup,002951,金时科技,2,13:49
2026-07-09,yyqyx_limitup,603137,恒尚节能,8,09:30
2026-07-09,yyqyx_limitup,002841,视源股份,3,10:06
2026-07-09,yyqyx_limitup,603928,兴业股份,2,09:32
2026-07-09,yyqyx_limitup,000977,浪潮信息,2,09:38
2026-07-09,yyqyx_limitup,002677,浙江美大,2,09:41
2026-07-09,yyqyx_limitup,002490,山东墨龙,2,11:04
2026-07-10,yyqyx_limitup,600491,ST龙元,3,09:25
2026-07-10,yyqyx_limitup,002414,高德红外,2,09:25
2026-07-10,yyqyx_limitup,002346,柘中股份,2,09:30
2026-07-10,yyqyx_limitup,001395,亚联机械,2,09:31
2026-07-10,yyqyx_limitup,000887,中鼎股份,2,09:32
2026-07-10,yyqyx_limitup,603898,好莱客,2,09:40
2026-07-10,yyqyx_limitup,003020,立方制药,2,09:48
2026-07-10,yyqyx_limitup,002829,星网宇达,2,09:53
2026-07-10,yyqyx_limitup,000892,欢瑞世纪,2,10:03
2026-07-10,yyqyx_limitup,600992,贵绳股份,2,10:03
2026-07-13,yyqyx_limitup,600491,ST龙元,4,09:25
2026-07-13,yyqyx_limitup,600992,贵绳股份,3,09:25
2026-07-13,yyqyx_limitup,003020,立方制药,3,09:30
2026-07-13,yyqyx_limitup,001395,亚联机械,3,10:09
2026-07-13,yyqyx_limitup,605090,九丰能源,2,09:25
2026-07-13,yyqyx_limitup,601608,中信重工,2,09:25
2026-07-13,yyqyx_limitup,600664,哈药股份,2,09:34
2026-07-13,yyqyx_limitup,000920,沃顿科技,2,10:25
2026-07-13,yyqyx_limitup,600629,华建集团,2,13:11
2026-07-13,yyqyx_limitup,600513,联环药业,2,13:55
2026-07-14,yyqyx_limitup,600491,ST龙元,5,11:20
2026-07-14,yyqyx_limitup,600664,哈药股份,3,09:42
2026-07-14,yyqyx_limitup,001388,信通电子,2,09:32
2026-07-14,yyqyx_limitup,603065,宿迁联盛,2,09:56
2026-07-14,yyqyx_limitup,000078,ST海王,2,10:08
2026-07-14,yyqyx_limitup,002379,宏桥控股,2,13:54
2026-07-14,yyqyx_limitup,603137,恒尚节能,2,14:36
2026-07-15,yyqyx_limitup,600664,哈药股份,4,09:30
2026-07-15,yyqyx_limitup,001388,信通电子,3,09:31
2026-07-15,yyqyx_limitup,603137,恒尚节能,3,14:10
2026-07-15,yyqyx_limitup,603580,艾艾精工,2,09:25
2026-07-15,yyqyx_limitup,002432,九安医疗,2,09:25
2026-07-15,yyqyx_limitup,002141,贤丰控股,2,09:30
2026-07-15,yyqyx_limitup,688192,迪哲医药,2,09:31
2026-07-15,yyqyx_limitup,605255,天普股份,2,09:32
2026-07-15,yyqyx_limitup,605028,世茂能源,2,09:32
2026-07-15,yyqyx_limitup,600829,人民同泰,2,09:36
2026-07-15,yyqyx_limitup,600403,大有能源,2,09:47
2026-07-15,yyqyx_limitup,600844,金煤科技,2,10:10
2026-07-15,yyqyx_limitup,600227,赤天化,2,10:38
2026-07-15,yyqyx_limitup,600746,江苏索普,2,13:03
2026-07-15,yyqyx_limitup,605189,富春染织,2,14:23
2026-07-16,yyqyx_limitup,600664,哈药股份,5,09:25
2026-07-16,yyqyx_limitup,603580,艾艾精工,3,09:25
2026-07-16,yyqyx_limitup,600162,香江控股,2,09:30
2026-07-16,yyqyx_limitup,002739,儒意电影,2,09:30
2026-07-16,yyqyx_limitup,002365,永安药业,2,09:33
2026-07-16,yyqyx_limitup,000504,南华生物,2,09:39
2026-07-16,yyqyx_limitup,000676,智度股份,2,09:46
2026-07-16,yyqyx_limitup,600785,新华百货,2,10:32
2026-07-16,yyqyx_limitup,000566,海南海药,2,11:01
2026-07-17,yyqyx_limitup,603580,艾艾精工,4,09:25
2026-07-17,yyqyx_limitup,002677,浙江美大,3,09:25
2026-07-17,yyqyx_limitup,000676,智度股份,3,09:31
2026-07-17,yyqyx_limitup,600162,香江控股,3,14:27
2026-07-17,yyqyx_limitup,002632,道明光学,2,09:30
2026-07-17,yyqyx_limitup,603567,珍宝岛,2,09:36
2026-07-17,yyqyx_limitup,001258,立新能源,2,09:46
2026-07-17,yyqyx_limitup,002731,*ST萃华,2,13:38
2026-07-17,yyqyx_limitup,002829,星网宇达,2,14:09
2026-07-20,yyqyx_limitup,001258,立新能源,3,09:31
2026-07-20,yyqyx_limitup,600644,乐山电力,2,09:32
2026-07-20,yyqyx_limitup,600744,华银电力,2,09:35
2026-07-20,yyqyx_limitup,600722,金牛化工,2,09:35
2026-07-20,yyqyx_limitup,600236,桂冠电力,2,11:00
2026-07-20,yyqyx_limitup,000722,湖南发展,2,14:44
2026-07-20,yyqyx_limitup,000037,深南电A,2,14:45
2026-07-21,yyqyx_limitup,001258,立新能源,4,09:25
2026-07-21,yyqyx_limitup,600744,华银电力,3,13:22
2026-07-21,yyqyx_limitup,000815,美利云,2,09:30
2026-07-21,yyqyx_limitup,000889,中嘉博创,2,09:34
2026-07-21,yyqyx_limitup,002036,联创电子,2,09:36
2026-07-22,yyqyx_limitup,001258,立新能源,5,09:32
2026-07-22,yyqyx_limitup,600744,华银电力,4,14:41
2026-07-22,yyqyx_limitup,000815,美利云,3,09:25
2026-07-22,yyqyx_limitup,603407,长裕集团,2,09:25
2026-07-22,yyqyx_limitup,603221,爱丽家居,2,09:25
2026-07-22,yyqyx_limitup,002197,证通电子,2,09:30
2026-07-22,yyqyx_limitup,603118,共进股份,2,09:31
2026-07-22,yyqyx_limitup,603629,利通电子,2,09:32
2026-07-22,yyqyx_limitup,002879,长缆科技,2,09:32
2026-07-22,yyqyx_limitup,002213,大为股份,2,09:33
2026-07-22,yyqyx_limitup,301583,托伦斯,2,09:34
2026-07-22,yyqyx_limitup,000603,盛达资源,2,09:50
2026-07-23,yyqyx_limitup,001258,立新能源,6,09:31
2026-07-23,yyqyx_limitup,000815,美利云,4,09:37
2026-07-23,yyqyx_limitup,603221,爱丽家居,3,09:25
2026-07-23,yyqyx_limitup,002197,证通电子,3,09:31
2026-07-23,yyqyx_limitup,002879,长缆科技,3,09:34
2026-07-23,yyqyx_limitup,000603,盛达资源,3,10:07
2026-07-23,yyqyx_limitup,301234,五洲医疗,2,09:25
2026-07-23,yyqyx_limitup,000595,新能股份,2,09:25
2026-07-23,yyqyx_limitup,603619,中曼石油,2,09:31
2026-07-23,yyqyx_limitup,605162,新中港,2,09:31
2026-07-23,yyqyx_limitup,603988,中电电机,2,09:31
2026-07-23,yyqyx_limitup,002412,汉森制药,2,09:38
2026-07-23,yyqyx_limitup,002900,哈三联,2,10:05
2026-07-23,yyqyx_limitup,600722,金牛化工,2,11:01
2026-07-23,yyqyx_limitup,600396,华电辽能,2,13:53
2026-07-24,yyqyx_limitup,603221,爱丽家居,4,09:25
2026-07-24,yyqyx_limitup,002879,长缆科技,4,09:25
2026-07-24,yyqyx_limitup,301234,五洲医疗,3,09:25
2026-07-24,yyqyx_limitup,000595,新能股份,3,09:25
2026-07-24,yyqyx_limitup,000533,顺钠股份,2,09:25
2026-07-24,yyqyx_limitup,002498,汉缆股份,2,09:30
2026-07-24,yyqyx_limitup,002298,中电鑫龙,2,09:31
2026-07-24,yyqyx_limitup,002199,东晶电子,2,09:31
2026-07-24,yyqyx_limitup,002083,孚日股份,2,09:31
2026-07-24,yyqyx_limitup,601606,长城军工,2,09:36
2026-07-24,yyqyx_limitup,603956,威派格,2,09:37
2026-07-24,yyqyx_limitup,600698,湖南天雁,2,09:43
2026-07-24,yyqyx_limitup,000011,深物业A,2,09:55
2026-07-24,yyqyx_limitup,003001,中岩大地,2,10:01
2026-07-24,yyqyx_limitup,002300,太阳电缆,2,10:21
2026-07-24,yyqyx_limitup,600984,建设机械,2,10:48
2026-07-24,yyqyx_limitup,000668,荣丰控股,2,13:08
2026-07-27,yyqyx_limitup,603221,爱丽家居,5,09:25
2026-07-27,yyqyx_limitup,002879,长缆科技,5,09:38
2026-07-27,yyqyx_limitup,301234,五洲医疗,4,09:25
2026-07-27,yyqyx_limitup,000533,顺钠股份,3,09:30
2026-07-27,yyqyx_limitup,601606,长城军工,3,09:38
2026-07-27,yyqyx_limitup,002211,ST宏达,2,09:25
2026-07-27,yyqyx_limitup,600617,国新能源,2,09:31
2026-07-27,yyqyx_limitup,603690,至纯科技,2,09:32
2026-07-27,yyqyx_limitup,002388,新亚制程,2,09:42
2026-07-28,yyqyx_limitup,603221,爱丽家居,6,09:25
2026-07-28,yyqyx_limitup,000533,顺钠股份,4,09:30
2026-07-28,yyqyx_limitup,002388,新亚制程,3,09:34
2026-07-28,yyqyx_limitup,002211,ST宏达,3,09:49
2026-07-28,yyqyx_limitup,002173,创新医疗,2,09:30
2026-07-28,yyqyx_limitup,688496,*ST清越,2,09:31
2026-07-28,yyqyx_limitup,603358,华达科技,2,09:31
2026-07-28,yyqyx_limitup,002969,嘉美包装,2,09:31
2026-07-28,yyqyx_limitup,002309,中利集团,2,09:31
2026-07-28,yyqyx_limitup,000566,海南海药,2,09:31
2026-07-28,yyqyx_limitup,000428,华天酒店,2,09:33
2026-07-28,yyqyx_limitup,603716,塞力医疗,2,09:35
2026-07-28,yyqyx_limitup,001358,兴欣新材,2,09:35
2026-07-28,yyqyx_limitup,605068,明新旭腾,2,09:38
2026-07-28,yyqyx_limitup,603389,亚振家居,2,09:44
2026-07-28,yyqyx_limitup,003032,传智教育,2,09:47
2026-07-28,yyqyx_limitup,600775,南京熊猫,2,09:52
2026-07-28,yyqyx_limitup,002310,东方新能,2,10:00
2026-07-28,yyqyx_limitup,000909,*ST数源,2,11:28
2026-07-29,yyqyx_limitup,603221,爱丽家居,7,09:25
2026-07-29,yyqyx_limitup,605068,明新旭腾,3,09:25
2026-07-29,yyqyx_limitup,003032,传智教育,3,09:25
2026-07-29,yyqyx_limitup,000428,华天酒店,3,09:25
2026-07-29,yyqyx_limitup,001358,兴欣新材,3,09:31
2026-07-29,yyqyx_limitup,605179,一鸣食品,2,09:30
2026-07-29,yyqyx_limitup,002212,天融信,2,09:30
2026-07-29,yyqyx_limitup,600693,东百集团,2,09:57
2026-07-29,yyqyx_limitup,002199,东晶电子,2,13:23
2026-07-29,yyqyx_limitup,603580,艾艾精工,2,14:25
2026-07-29,yyqyx_limitup,603400,华之杰,2,14:31
2026-07-29,yyqyx_limitup,301139,*ST元道,2,14:42
2026-07-30,yyqyx_limitup,603221,爱丽家居,8,09:25
2026-07-30,yyqyx_limitup,605068,明新旭腾,4,09:30
2026-07-30,yyqyx_limitup,003032,传智教育,4,09:30
2026-07-30,yyqyx_limitup,605179,一鸣食品,3,09:25
2026-07-30,yyqyx_limitup,002827,高争民爆,2,09:25
2026-07-30,yyqyx_limitup,605388,均瑶健康,2,09:30
2026-07-30,yyqyx_limitup,002882,金龙羽,2,09:30
2026-07-30,yyqyx_limitup,601003,柳钢股份,2,09:33
2026-07-30,yyqyx_limitup,600228,返利科技,2,09:37
2026-07-30,yyqyx_limitup,002667,*ST威领,2,09:49
2026-07-30,yyqyx_limitup,603556,海兴电力,2,13:49
2026-07-31,yyqyx_limitup,603221,爱丽家居,9,09:25
2026-07-31,yyqyx_limitup,003032,传智教育,5,09:25
2026-07-31,yyqyx_limitup,605179,一鸣食品,4,09:32
2026-07-31,yyqyx_limitup,002827,高争民爆,3,09:30
2026-07-31,yyqyx_limitup,000820,神雾节能,2,09:25
2026-07-31,yyqyx_limitup,300996,普联软件,2,09:50
2026-07-31,yyqyx_limitup,603039,泛微网络,2,10:09
2026-07-31,yyqyx_limitup,603171,税友股份,2,10:41
2026-07-31,yyqyx_limitup,600162,香江控股,2,11:06
2026-07-31,yyqyx_limitup,000009,中国宝安,2,11:15
