date,published_at,source,url,raw_theme,canonical_theme,observed_context,evidence_tier,trade_effective_date,trade_eligible
2026-07-01,2026-07-01T20:52:00+08:00,淘股吧原创复盘,https://www.tgb.cn/a/2t5akbLSLmB-1,国产芯片,半导体,早盘普涨后高位科技分歧，资金高低切换；芯片和机器人仍有强辨识度,E1_timestamped,2026-07-02,True
2026-07-01,2026-07-01T20:52:00+08:00,淘股吧原创复盘,https://www.tgb.cn/a/2t5akbLSLmB-1,机器人,机器人,早盘普涨后高位科技分歧，资金高低切换；芯片和机器人仍有强辨识度,E1_timestamped,2026-07-02,True
2026-07-01,2026-07-01T20:52:00+08:00,淘股吧原创复盘,https://www.tgb.cn/a/2t5akbLSLmB-1,大金融,金融,早盘普涨后高位科技分歧，资金高低切换；芯片和机器人仍有强辨识度,E1_timestamped,2026-07-02,True
2026-07-01,2026-07-01T20:52:00+08:00,淘股吧原创复盘,https://www.tgb.cn/a/2t5akbLSLmB-1,化工,化工,早盘普涨后高位科技分歧，资金高低切换；芯片和机器人仍有强辨识度,E1_timestamped,2026-07-02,True
2026-07-01,2026-07-01T20:52:00+08:00,淘股吧原创复盘,https://www.tgb.cn/a/2t5akbLSLmB-1,医药,医药,早盘普涨后高位科技分歧，资金高低切换；芯片和机器人仍有强辨识度,E1_timestamped,2026-07-02,True
2026-07-01,2026-07-01T20:52:00+08:00,淘股吧原创复盘,https://www.tgb.cn/a/2t5akbLSLmB-1,农业,农业,早盘普涨后高位科技分歧，资金高低切换；芯片和机器人仍有强辨识度,E1_timestamped,2026-07-02,True
2026-07-02,2026-07-02T20:06:00+08:00,淘股吧原创情绪复盘,https://www.tgb.cn/a/2t6LVOKQwo6,国产芯片,半导体,科技高位分歧，机器人与存储芯片分化，资金尝试低位与防御方向,E1_timestamped,2026-07-03,True
2026-07-02,2026-07-02T20:06:00+08:00,淘股吧原创情绪复盘,https://www.tgb.cn/a/2t6LVOKQwo6,机器人,机器人,科技高位分歧，机器人与存储芯片分化，资金尝试低位与防御方向,E1_timestamped,2026-07-03,True
2026-07-02,2026-07-02T20:06:00+08:00,淘股吧原创情绪复盘,https://www.tgb.cn/a/2t6LVOKQwo6,存储芯片,存储芯片,科技高位分歧，机器人与存储芯片分化，资金尝试低位与防御方向,E1_timestamped,2026-07-03,True
2026-07-02,2026-07-02T20:06:00+08:00,淘股吧原创情绪复盘,https://www.tgb.cn/a/2t6LVOKQwo6,医药,医药,科技高位分歧，机器人与存储芯片分化，资金尝试低位与防御方向,E1_timestamped,2026-07-03,True
2026-07-02,2026-07-02T20:06:00+08:00,淘股吧原创情绪复盘,https://www.tgb.cn/a/2t6LVOKQwo6,黄金,资源有色,科技高位分歧，机器人与存储芯片分化，资金尝试低位与防御方向,E1_timestamped,2026-07-03,True
2026-07-03,2026-07-03T18:17:56+08:00,每日经济新闻,https://www.nbd.com.cn/articles/2026-07-03/4451747.html,机器人,机器人,修复但结构分化，机器人等低位方向突出，AI硬件高位方向继续分化,E1_timestamped,2026-07-06,True
2026-07-03,2026-07-03T18:17:56+08:00,每日经济新闻,https://www.nbd.com.cn/articles/2026-07-03/4451747.html,汽车,汽车,修复但结构分化，机器人等低位方向突出，AI硬件高位方向继续分化,E1_timestamped,2026-07-06,True
2026-07-03,2026-07-03T18:17:56+08:00,每日经济新闻,https://www.nbd.com.cn/articles/2026-07-03/4451747.html,军工,军工,修复但结构分化，机器人等低位方向突出，AI硬件高位方向继续分化,E1_timestamped,2026-07-06,True
2026-07-03,2026-07-03T18:17:56+08:00,每日经济新闻,https://www.nbd.com.cn/articles/2026-07-03/4451747.html,创新药,医药,修复但结构分化，机器人等低位方向突出，AI硬件高位方向继续分化,E1_timestamped,2026-07-06,True
2026-07-03,2026-07-03T18:17:56+08:00,每日经济新闻,https://www.nbd.com.cn/articles/2026-07-03/4451747.html,半导体设备,半导体,修复但结构分化，机器人等低位方向突出，AI硬件高位方向继续分化,E1_timestamped,2026-07-06,True
2026-07-03,2026-07-03T18:17:56+08:00,每日经济新闻,https://www.nbd.com.cn/articles/2026-07-03/4451747.html,芯片,半导体,修复但结构分化，机器人等低位方向突出，AI硬件高位方向继续分化,E1_timestamped,2026-07-06,True
2026-07-06,2026-07-06T17:20:00+08:00,淘股吧原创主线复盘,https://www.tgb.cn/a/2tddHsghAiQ-1,算力,算力硬件,高位机器人退潮，资金向国产算力/液冷/半导体等分支切换，整体亏钱效应偏强,E1_timestamped,2026-07-07,True
2026-07-06,2026-07-06T17:20:00+08:00,淘股吧原创主线复盘,https://www.tgb.cn/a/2tddHsghAiQ-1,液冷,算力硬件,高位机器人退潮，资金向国产算力/液冷/半导体等分支切换，整体亏钱效应偏强,E1_timestamped,2026-07-07,True
2026-07-06,2026-07-06T17:20:00+08:00,淘股吧原创主线复盘,https://www.tgb.cn/a/2tddHsghAiQ-1,半导体,半导体,高位机器人退潮，资金向国产算力/液冷/半导体等分支切换，整体亏钱效应偏强,E1_timestamped,2026-07-07,True
2026-07-06,2026-07-06T17:20:00+08:00,淘股吧原创主线复盘,https://www.tgb.cn/a/2tddHsghAiQ-1,机器人,机器人,高位机器人退潮，资金向国产算力/液冷/半导体等分支切换，整体亏钱效应偏强,E1_timestamped,2026-07-07,True
2026-07-06,2026-07-06T17:20:00+08:00,淘股吧原创主线复盘,https://www.tgb.cn/a/2tddHsghAiQ-1,医药,医药,高位机器人退潮，资金向国产算力/液冷/半导体等分支切换，整体亏钱效应偏强,E1_timestamped,2026-07-07,True
2026-07-07,2026-07-07T17:28:00+08:00,财联社/东方财富转载,https://finance.eastmoney.com/a/202607073796825484.html,半导体,半导体,全市场仅30余股涨停，资金逆势抱团半导体设备，市场广度极弱,E1_timestamped,2026-07-08,True
2026-07-07,2026-07-07T17:28:00+08:00,财联社/东方财富转载,https://finance.eastmoney.com/a/202607073796825484.html,游戏,游戏影视,全市场仅30余股涨停，资金逆势抱团半导体设备，市场广度极弱,E1_timestamped,2026-07-08,True
2026-07-07,2026-07-07T17:28:00+08:00,财联社/东方财富转载,https://finance.eastmoney.com/a/202607073796825484.html,影视,游戏影视,全市场仅30余股涨停，资金逆势抱团半导体设备，市场广度极弱,E1_timestamped,2026-07-08,True
2026-07-07,2026-07-07T17:28:00+08:00,财联社/东方财富转载,https://finance.eastmoney.com/a/202607073796825484.html,工程机械,工程机械,全市场仅30余股涨停，资金逆势抱团半导体设备，市场广度极弱,E1_timestamped,2026-07-08,True
2026-07-07,2026-07-07T17:28:00+08:00,财联社/东方财富转载,https://finance.eastmoney.com/a/202607073796825484.html,培育钻石,培育钻石,全市场仅30余股涨停，资金逆势抱团半导体设备，市场广度极弱,E1_timestamped,2026-07-08,True
2026-07-08,2026-07-08T15:22:19+08:00,同花顺收评,https://news.10jqka.com.cn/20260708/c678035133.shtml,半导体,半导体,市场反抽失利，半导体和算力局部轮动，机器人与锂矿显著承压,E1_timestamped,2026-07-09,True
2026-07-08,2026-07-08T15:22:19+08:00,同花顺收评,https://news.10jqka.com.cn/20260708/c678035133.shtml,算力,算力硬件,市场反抽失利，半导体和算力局部轮动，机器人与锂矿显著承压,E1_timestamped,2026-07-09,True
2026-07-08,2026-07-08T15:22:19+08:00,同花顺收评,https://news.10jqka.com.cn/20260708/c678035133.shtml,信息安全,信息安全,市场反抽失利，半导体和算力局部轮动，机器人与锂矿显著承压,E1_timestamped,2026-07-09,True
2026-07-08,2026-07-08T15:22:19+08:00,同花顺收评,https://news.10jqka.com.cn/20260708/c678035133.shtml,机器人,机器人,市场反抽失利，半导体和算力局部轮动，机器人与锂矿显著承压,E1_timestamped,2026-07-09,True
2026-07-08,2026-07-08T15:22:19+08:00,同花顺收评,https://news.10jqka.com.cn/20260708/c678035133.shtml,锂矿,资源有色,市场反抽失利，半导体和算力局部轮动，机器人与锂矿显著承压,E1_timestamped,2026-07-09,True
2026-07-09,2026-07-09T17:30:00+08:00,财联社焦点复盘,https://www.cls.cn/detail/2421756,半导体,半导体,科创50大涨，半导体与算力硬件全线修复，科技成长成为当日核心赚钱效应,E1_timestamped,2026-07-10,True
2026-07-09,2026-07-09T17:30:00+08:00,财联社焦点复盘,https://www.cls.cn/detail/2421756,算力硬件,算力硬件,科创50大涨，半导体与算力硬件全线修复，科技成长成为当日核心赚钱效应,E1_timestamped,2026-07-10,True
2026-07-09,2026-07-09T17:30:00+08:00,财联社焦点复盘,https://www.cls.cn/detail/2421756,CPO,算力硬件,科创50大涨，半导体与算力硬件全线修复，科技成长成为当日核心赚钱效应,E1_timestamped,2026-07-10,True
2026-07-09,2026-07-09T17:30:00+08:00,财联社焦点复盘,https://www.cls.cn/detail/2421756,PCB,PCB,科创50大涨，半导体与算力硬件全线修复，科技成长成为当日核心赚钱效应,E1_timestamped,2026-07-10,True
2026-07-09,2026-07-09T17:30:00+08:00,财联社焦点复盘,https://www.cls.cn/detail/2421756,存储芯片,存储芯片,科创50大涨，半导体与算力硬件全线修复，科技成长成为当日核心赚钱效应,E1_timestamped,2026-07-10,True
2026-07-10,2026-07-10T19:41:00+08:00,东方财富财富号复盘,https://caifuhao.eastmoney.com/news/20260710194100376868350,商业航天,商业航天,商业航天午后因火箭回收事件形成强事件主线，医药承接，前一日半导体明显分化,E1_timestamped,2026-07-13,True
2026-07-10,2026-07-10T19:41:00+08:00,东方财富财富号复盘,https://caifuhao.eastmoney.com/news/20260710194100376868350,创新药,医药,商业航天午后因火箭回收事件形成强事件主线，医药承接，前一日半导体明显分化,E1_timestamped,2026-07-13,True
2026-07-10,2026-07-10T19:41:00+08:00,东方财富财富号复盘,https://caifuhao.eastmoney.com/news/20260710194100376868350,机器人,机器人,商业航天午后因火箭回收事件形成强事件主线，医药承接，前一日半导体明显分化,E1_timestamped,2026-07-13,True
2026-07-10,2026-07-10T19:41:00+08:00,东方财富财富号复盘,https://caifuhao.eastmoney.com/news/20260710194100376868350,电网设备,电力电网,商业航天午后因火箭回收事件形成强事件主线，医药承接，前一日半导体明显分化,E1_timestamped,2026-07-13,True
2026-07-10,2026-07-10T19:41:00+08:00,东方财富财富号复盘,https://caifuhao.eastmoney.com/news/20260710194100376868350,半导体,半导体,商业航天午后因火箭回收事件形成强事件主线，医药承接，前一日半导体明显分化,E1_timestamped,2026-07-13,True
2026-07-10,2026-07-10T19:41:00+08:00,东方财富财富号复盘,https://caifuhao.eastmoney.com/news/20260710194100376868350,AI应用,AI应用,商业航天午后因火箭回收事件形成强事件主线，医药承接，前一日半导体明显分化,E1_timestamped,2026-07-13,True
2026-07-10,2026-07-10T19:41:00+08:00,东方财富财富号复盘,https://caifuhao.eastmoney.com/news/20260710194100376868350,算力,算力硬件,商业航天午后因火箭回收事件形成强事件主线，医药承接，前一日半导体明显分化,E1_timestamped,2026-07-13,True
2026-07-13,2026-07-13T18:03:00+08:00,雪球复盘记录,https://xueqiu.com/5562476217/399891812,中药,医药,全市场普跌且大量跌停，前期科技与商业航天高位方向集中负反馈，医药逆势防御,E1_timestamped,2026-07-14,True
2026-07-13,2026-07-13T18:03:00+08:00,雪球复盘记录,https://xueqiu.com/5562476217/399891812,创新药,医药,全市场普跌且大量跌停，前期科技与商业航天高位方向集中负反馈，医药逆势防御,E1_timestamped,2026-07-14,True
2026-07-13,2026-07-13T18:03:00+08:00,雪球复盘记录,https://xueqiu.com/5562476217/399891812,存储芯片,存储芯片,全市场普跌且大量跌停，前期科技与商业航天高位方向集中负反馈，医药逆势防御,E1_timestamped,2026-07-14,True
2026-07-13,2026-07-13T18:03:00+08:00,雪球复盘记录,https://xueqiu.com/5562476217/399891812,商业航天,商业航天,全市场普跌且大量跌停，前期科技与商业航天高位方向集中负反馈，医药逆势防御,E1_timestamped,2026-07-14,True
2026-07-13,2026-07-13T18:03:00+08:00,雪球复盘记录,https://xueqiu.com/5562476217/399891812,算力,算力硬件,全市场普跌且大量跌停，前期科技与商业航天高位方向集中负反馈，医药逆势防御,E1_timestamped,2026-07-14,True
2026-07-14,2026-07-14T17:28:00+08:00,财联社/新浪财经转载,https://finance.sina.com.cn/roll/2026-07-14/doc-inihunry8436133.shtml,PCB,PCB,极端冰点后探底回升，PCB、有色、油气与CPO修复，连板投机情绪仍弱,E1_timestamped,2026-07-15,True
2026-07-14,2026-07-14T17:28:00+08:00,财联社/新浪财经转载,https://finance.sina.com.cn/roll/2026-07-14/doc-inihunry8436133.shtml,有色金属,资源有色,极端冰点后探底回升，PCB、有色、油气与CPO修复，连板投机情绪仍弱,E1_timestamped,2026-07-15,True
2026-07-14,2026-07-14T17:28:00+08:00,财联社/新浪财经转载,https://finance.sina.com.cn/roll/2026-07-14/doc-inihunry8436133.shtml,油气,油气,极端冰点后探底回升，PCB、有色、油气与CPO修复，连板投机情绪仍弱,E1_timestamped,2026-07-15,True
2026-07-14,2026-07-14T17:28:00+08:00,财联社/新浪财经转载,https://finance.sina.com.cn/roll/2026-07-14/doc-inihunry8436133.shtml,CPO,算力硬件,极端冰点后探底回升，PCB、有色、油气与CPO修复，连板投机情绪仍弱,E1_timestamped,2026-07-15,True
2026-07-14,2026-07-14T17:28:00+08:00,财联社/新浪财经转载,https://finance.sina.com.cn/roll/2026-07-14/doc-inihunry8436133.shtml,游戏,游戏影视,极端冰点后探底回升，PCB、有色、油气与CPO修复，连板投机情绪仍弱,E1_timestamped,2026-07-15,True
2026-07-14,2026-07-14T17:28:00+08:00,财联社/新浪财经转载,https://finance.sina.com.cn/roll/2026-07-14/doc-inihunry8436133.shtml,AI应用,AI应用,极端冰点后探底回升，PCB、有色、油气与CPO修复，连板投机情绪仍弱,E1_timestamped,2026-07-15,True
2026-07-15,2026-07-15T19:26:00+08:00,新投研收盘复盘,https://www.xintouyan.com/archives/134,创新药,医药,指数弱势分化，高低切换明显，医药为清晰进攻/防御交集，半导体和存储链负反馈,E1_timestamped,2026-07-16,True
2026-07-15,2026-07-15T19:26:00+08:00,新投研收盘复盘,https://www.xintouyan.com/archives/134,CXO,医药,指数弱势分化，高低切换明显，医药为清晰进攻/防御交集，半导体和存储链负反馈,E1_timestamped,2026-07-16,True
2026-07-15,2026-07-15T19:26:00+08:00,新投研收盘复盘,https://www.xintouyan.com/archives/134,医药,医药,指数弱势分化，高低切换明显，医药为清晰进攻/防御交集，半导体和存储链负反馈,E1_timestamped,2026-07-16,True
2026-07-15,2026-07-15T19:26:00+08:00,新投研收盘复盘,https://www.xintouyan.com/archives/134,消费,消费,指数弱势分化，高低切换明显，医药为清晰进攻/防御交集，半导体和存储链负反馈,E1_timestamped,2026-07-16,True
2026-07-15,2026-07-15T19:26:00+08:00,新投研收盘复盘,https://www.xintouyan.com/archives/134,大金融,金融,指数弱势分化，高低切换明显，医药为清晰进攻/防御交集，半导体和存储链负反馈,E1_timestamped,2026-07-16,True
2026-07-15,2026-07-15T19:26:00+08:00,新投研收盘复盘,https://www.xintouyan.com/archives/134,半导体,半导体,指数弱势分化，高低切换明显，医药为清晰进攻/防御交集，半导体和存储链负反馈,E1_timestamped,2026-07-16,True
2026-07-15,2026-07-15T19:26:00+08:00,新投研收盘复盘,https://www.xintouyan.com/archives/134,存储芯片,存储芯片,指数弱势分化，高低切换明显，医药为清晰进攻/防御交集，半导体和存储链负反馈,E1_timestamped,2026-07-16,True
2026-07-16,2026-07-16T17:29:00+08:00,财联社焦点复盘,https://www.cls.cn/detail/2428544,医药,医药,医药保持活跃，科技成长持续低迷，市场连板晋级率较低,E1_timestamped,2026-07-17,True
2026-07-16,2026-07-16T17:29:00+08:00,财联社焦点复盘,https://www.cls.cn/detail/2428544,中药,医药,医药保持活跃，科技成长持续低迷，市场连板晋级率较低,E1_timestamped,2026-07-17,True
2026-07-16,2026-07-16T17:29:00+08:00,财联社焦点复盘,https://www.cls.cn/detail/2428544,影视,游戏影视,医药保持活跃，科技成长持续低迷，市场连板晋级率较低,E1_timestamped,2026-07-17,True
2026-07-16,2026-07-16T17:29:00+08:00,财联社焦点复盘,https://www.cls.cn/detail/2428544,房地产,地产,医药保持活跃，科技成长持续低迷，市场连板晋级率较低,E1_timestamped,2026-07-17,True
2026-07-16,2026-07-16T17:29:00+08:00,财联社焦点复盘,https://www.cls.cn/detail/2428544,养殖,农业,医药保持活跃，科技成长持续低迷，市场连板晋级率较低,E1_timestamped,2026-07-17,True
2026-07-16,2026-07-16T17:29:00+08:00,财联社焦点复盘,https://www.cls.cn/detail/2428544,半导体,半导体,医药保持活跃，科技成长持续低迷，市场连板晋级率较低,E1_timestamped,2026-07-17,True
2026-07-16,2026-07-16T17:29:00+08:00,财联社焦点复盘,https://www.cls.cn/detail/2428544,算力硬件,算力硬件,医药保持活跃，科技成长持续低迷，市场连板晋级率较低,E1_timestamped,2026-07-17,True
2026-07-17,2026-07-17T17:29:00+08:00,财联社焦点复盘,https://api3.cls.cn/share/article/2429653?os=android&sv=835&tab=,电力,电力电网,系统性下跌，科技与医药出现显著亏钱效应，电力及高股息方向逆势活跃,E1_timestamped,2026-07-20,True
2026-07-17,2026-07-17T17:29:00+08:00,财联社焦点复盘,https://api3.cls.cn/share/article/2429653?os=android&sv=835&tab=,油气,油气,系统性下跌，科技与医药出现显著亏钱效应，电力及高股息方向逆势活跃,E1_timestamped,2026-07-20,True
2026-07-17,2026-07-17T17:29:00+08:00,财联社焦点复盘,https://api3.cls.cn/share/article/2429653?os=android&sv=835&tab=,银行,金融,系统性下跌，科技与医药出现显著亏钱效应，电力及高股息方向逆势活跃,E1_timestamped,2026-07-20,True
2026-07-17,2026-07-17T17:29:00+08:00,财联社焦点复盘,https://api3.cls.cn/share/article/2429653?os=android&sv=835&tab=,高速公路,高速公路,系统性下跌，科技与医药出现显著亏钱效应，电力及高股息方向逆势活跃,E1_timestamped,2026-07-20,True
2026-07-17,2026-07-17T17:29:00+08:00,财联社焦点复盘,https://api3.cls.cn/share/article/2429653?os=android&sv=835&tab=,CPO,算力硬件,系统性下跌，科技与医药出现显著亏钱效应，电力及高股息方向逆势活跃,E1_timestamped,2026-07-20,True
2026-07-17,2026-07-17T17:29:00+08:00,财联社焦点复盘,https://api3.cls.cn/share/article/2429653?os=android&sv=835&tab=,PCB,PCB,系统性下跌，科技与医药出现显著亏钱效应，电力及高股息方向逆势活跃,E1_timestamped,2026-07-20,True
2026-07-17,2026-07-17T17:29:00+08:00,财联社焦点复盘,https://api3.cls.cn/share/article/2429653?os=android&sv=835&tab=,创新药,医药,系统性下跌，科技与医药出现显著亏钱效应，电力及高股息方向逆势活跃,E1_timestamped,2026-07-20,True
2026-07-17,2026-07-17T17:29:00+08:00,财联社焦点复盘,https://api3.cls.cn/share/article/2429653?os=android&sv=835&tab=,存储芯片,存储芯片,系统性下跌，科技与医药出现显著亏钱效应，电力及高股息方向逆势活跃,E1_timestamped,2026-07-20,True
2026-07-20,2026-07-20T17:28:00+08:00,财联社焦点复盘,https://api3.cls.cn/share/article/2431452?app=&os=android&sv=875,油气,油气,短线情绪低迷且科技高位继续负反馈，资金抱团高股息、资源和电力,E1_timestamped,2026-07-21,True
2026-07-20,2026-07-20T17:28:00+08:00,财联社焦点复盘,https://api3.cls.cn/share/article/2431452?app=&os=android&sv=875,煤炭,资源有色,短线情绪低迷且科技高位继续负反馈，资金抱团高股息、资源和电力,E1_timestamped,2026-07-21,True
2026-07-20,2026-07-20T17:28:00+08:00,财联社焦点复盘,https://api3.cls.cn/share/article/2431452?app=&os=android&sv=875,白酒,消费,短线情绪低迷且科技高位继续负反馈，资金抱团高股息、资源和电力,E1_timestamped,2026-07-21,True
2026-07-20,2026-07-20T17:28:00+08:00,财联社焦点复盘,https://api3.cls.cn/share/article/2431452?app=&os=android&sv=875,电力,电力电网,短线情绪低迷且科技高位继续负反馈，资金抱团高股息、资源和电力,E1_timestamped,2026-07-21,True
2026-07-20,2026-07-20T17:28:00+08:00,财联社焦点复盘,https://api3.cls.cn/share/article/2431452?app=&os=android&sv=875,半导体,半导体,短线情绪低迷且科技高位继续负反馈，资金抱团高股息、资源和电力,E1_timestamped,2026-07-21,True
2026-07-21,2026-07-21T17:29:00+08:00,财联社焦点复盘,https://www.cls.cn/detail/2432754,半导体,半导体,科技成长从恐慌中大幅修复，多只人气核心地天板，半导体/PCB/CPO共振,E1_timestamped,2026-07-22,True
2026-07-21,2026-07-21T17:29:00+08:00,财联社焦点复盘,https://www.cls.cn/detail/2432754,存储芯片,存储芯片,科技成长从恐慌中大幅修复，多只人气核心地天板，半导体/PCB/CPO共振,E1_timestamped,2026-07-22,True
2026-07-21,2026-07-21T17:29:00+08:00,财联社焦点复盘,https://www.cls.cn/detail/2432754,PCB,PCB,科技成长从恐慌中大幅修复，多只人气核心地天板，半导体/PCB/CPO共振,E1_timestamped,2026-07-22,True
2026-07-21,2026-07-21T17:29:00+08:00,财联社焦点复盘,https://www.cls.cn/detail/2432754,CPO,算力硬件,科技成长从恐慌中大幅修复，多只人气核心地天板，半导体/PCB/CPO共振,E1_timestamped,2026-07-22,True
2026-07-21,2026-07-21T17:29:00+08:00,财联社焦点复盘,https://www.cls.cn/detail/2432754,算力,算力硬件,科技成长从恐慌中大幅修复，多只人气核心地天板，半导体/PCB/CPO共振,E1_timestamped,2026-07-22,True
2026-07-22,2026-07-22T17:23:00+08:00,财联社焦点复盘,https://www.cls.cn/detail/2434004,电力,电力电网,双创冲高回落，存储与PCB重新承压，电力和资源方向逆势延续,E1_timestamped,2026-07-23,True
2026-07-22,2026-07-22T17:23:00+08:00,财联社焦点复盘,https://www.cls.cn/detail/2434004,有色金属,资源有色,双创冲高回落，存储与PCB重新承压，电力和资源方向逆势延续,E1_timestamped,2026-07-23,True
2026-07-22,2026-07-22T17:23:00+08:00,财联社焦点复盘,https://www.cls.cn/detail/2434004,算力租赁,算力硬件,双创冲高回落，存储与PCB重新承压，电力和资源方向逆势延续,E1_timestamped,2026-07-23,True
2026-07-22,2026-07-22T17:23:00+08:00,财联社焦点复盘,https://www.cls.cn/detail/2434004,存储芯片,存储芯片,双创冲高回落，存储与PCB重新承压，电力和资源方向逆势延续,E1_timestamped,2026-07-23,True
2026-07-22,2026-07-22T17:23:00+08:00,财联社焦点复盘,https://www.cls.cn/detail/2434004,PCB,PCB,双创冲高回落，存储与PCB重新承压，电力和资源方向逆势延续,E1_timestamped,2026-07-23,True
2026-07-23,2026-07-23T17:31:00+08:00,财联社焦点复盘,https://www.cls.cn/detail/2435218,电力,电力电网,缩量普涨中电网产业链大面积补涨，资源股延续，硬科技内部明显分化,E1_timestamped,2026-07-24,True
2026-07-23,2026-07-23T17:31:00+08:00,财联社焦点复盘,https://www.cls.cn/detail/2435218,电网设备,电力电网,缩量普涨中电网产业链大面积补涨，资源股延续，硬科技内部明显分化,E1_timestamped,2026-07-24,True
2026-07-23,2026-07-23T17:31:00+08:00,财联社焦点复盘,https://www.cls.cn/detail/2435218,锂矿,资源有色,缩量普涨中电网产业链大面积补涨，资源股延续，硬科技内部明显分化,E1_timestamped,2026-07-24,True
2026-07-23,2026-07-23T17:31:00+08:00,财联社焦点复盘,https://www.cls.cn/detail/2435218,有色金属,资源有色,缩量普涨中电网产业链大面积补涨，资源股延续，硬科技内部明显分化,E1_timestamped,2026-07-24,True
2026-07-23,2026-07-23T17:31:00+08:00,财联社焦点复盘,https://www.cls.cn/detail/2435218,油气,油气,缩量普涨中电网产业链大面积补涨，资源股延续，硬科技内部明显分化,E1_timestamped,2026-07-24,True
2026-07-23,2026-07-23T17:31:00+08:00,财联社焦点复盘,https://www.cls.cn/detail/2435218,半导体,半导体,缩量普涨中电网产业链大面积补涨，资源股延续，硬科技内部明显分化,E1_timestamped,2026-07-24,True
2026-07-24,2026-07-24T17:17:00+08:00,财联社/东方财富转载,https://finance.eastmoney.com/a/202607243820538520.html,军工,军工,市场缩量普跌，军工/油气/部分半导体设备相对强，前一日电力及资源出现明显分化,E1_timestamped,2026-07-27,True
2026-07-24,2026-07-24T17:17:00+08:00,财联社/东方财富转载,https://finance.eastmoney.com/a/202607243820538520.html,电信服务,电信服务,市场缩量普跌，军工/油气/部分半导体设备相对强，前一日电力及资源出现明显分化,E1_timestamped,2026-07-27,True
2026-07-24,2026-07-24T17:17:00+08:00,财联社/东方财富转载,https://finance.eastmoney.com/a/202607243820538520.html,油气,油气,市场缩量普跌，军工/油气/部分半导体设备相对强，前一日电力及资源出现明显分化,E1_timestamped,2026-07-27,True
2026-07-24,2026-07-24T17:17:00+08:00,财联社/东方财富转载,https://finance.eastmoney.com/a/202607243820538520.html,半导体设备,半导体,市场缩量普跌，军工/油气/部分半导体设备相对强，前一日电力及资源出现明显分化,E1_timestamped,2026-07-27,True
2026-07-24,2026-07-24T17:17:00+08:00,财联社/东方财富转载,https://finance.eastmoney.com/a/202607243820538520.html,贵金属,资源有色,市场缩量普跌，军工/油气/部分半导体设备相对强，前一日电力及资源出现明显分化,E1_timestamped,2026-07-27,True
2026-07-24,2026-07-24T17:17:00+08:00,财联社/东方财富转载,https://finance.eastmoney.com/a/202607243820538520.html,算力租赁,算力硬件,市场缩量普跌，军工/油气/部分半导体设备相对强，前一日电力及资源出现明显分化,E1_timestamped,2026-07-27,True
2026-07-24,2026-07-24T17:17:00+08:00,财联社/东方财富转载,https://finance.eastmoney.com/a/202607243820538520.html,能源金属,资源有色,市场缩量普跌，军工/油气/部分半导体设备相对强，前一日电力及资源出现明显分化,E1_timestamped,2026-07-27,True
2026-07-27,2026-07-27T20:33:00+08:00,东方财富财富号复盘,https://caifuhao.eastmoney.com/news/20260727203335169329070,半导体,半导体,全市场强修复，国产存储/半导体获得大资金关注，电网、机器人、PCB等形成强支线,E1_timestamped,2026-07-28,True
2026-07-27,2026-07-27T20:33:00+08:00,东方财富财富号复盘,https://caifuhao.eastmoney.com/news/20260727203335169329070,国产存储,存储芯片,全市场强修复，国产存储/半导体获得大资金关注，电网、机器人、PCB等形成强支线,E1_timestamped,2026-07-28,True
2026-07-27,2026-07-27T20:33:00+08:00,东方财富财富号复盘,https://caifuhao.eastmoney.com/news/20260727203335169329070,电力,电力电网,全市场强修复，国产存储/半导体获得大资金关注，电网、机器人、PCB等形成强支线,E1_timestamped,2026-07-28,True
2026-07-27,2026-07-27T20:33:00+08:00,东方财富财富号复盘,https://caifuhao.eastmoney.com/news/20260727203335169329070,电网设备,电力电网,全市场强修复，国产存储/半导体获得大资金关注，电网、机器人、PCB等形成强支线,E1_timestamped,2026-07-28,True
2026-07-27,2026-07-27T20:33:00+08:00,东方财富财富号复盘,https://caifuhao.eastmoney.com/news/20260727203335169329070,机器人,机器人,全市场强修复，国产存储/半导体获得大资金关注，电网、机器人、PCB等形成强支线,E1_timestamped,2026-07-28,True
2026-07-27,2026-07-27T20:33:00+08:00,东方财富财富号复盘,https://caifuhao.eastmoney.com/news/20260727203335169329070,PCB,PCB,全市场强修复，国产存储/半导体获得大资金关注，电网、机器人、PCB等形成强支线,E1_timestamped,2026-07-28,True
2026-07-28,2026-07-28T20:00:00+08:00,新投研收盘复盘,https://www.xintouyan.com/archives/359,脑机接口,脑机接口,创业板与科创板大跌，科技高位大面积负反馈，脑机接口/光刻机等低位科技与银行白酒防御活跃,E1_timestamped,2026-07-29,True
2026-07-28,2026-07-28T20:00:00+08:00,新投研收盘复盘,https://www.xintouyan.com/archives/359,光刻机,半导体,创业板与科创板大跌，科技高位大面积负反馈，脑机接口/光刻机等低位科技与银行白酒防御活跃,E1_timestamped,2026-07-29,True
2026-07-28,2026-07-28T20:00:00+08:00,新投研收盘复盘,https://www.xintouyan.com/archives/359,半导体,半导体,创业板与科创板大跌，科技高位大面积负反馈，脑机接口/光刻机等低位科技与银行白酒防御活跃,E1_timestamped,2026-07-29,True
2026-07-28,2026-07-28T20:00:00+08:00,新投研收盘复盘,https://www.xintouyan.com/archives/359,CPO,算力硬件,创业板与科创板大跌，科技高位大面积负反馈，脑机接口/光刻机等低位科技与银行白酒防御活跃,E1_timestamped,2026-07-29,True
2026-07-28,2026-07-28T20:00:00+08:00,新投研收盘复盘,https://www.xintouyan.com/archives/359,存储芯片,存储芯片,创业板与科创板大跌，科技高位大面积负反馈，脑机接口/光刻机等低位科技与银行白酒防御活跃,E1_timestamped,2026-07-29,True
2026-07-28,2026-07-28T20:00:00+08:00,新投研收盘复盘,https://www.xintouyan.com/archives/359,PCB,PCB,创业板与科创板大跌，科技高位大面积负反馈，脑机接口/光刻机等低位科技与银行白酒防御活跃,E1_timestamped,2026-07-29,True
2026-07-28,2026-07-28T20:00:00+08:00,新投研收盘复盘,https://www.xintouyan.com/archives/359,银行,金融,创业板与科创板大跌，科技高位大面积负反馈，脑机接口/光刻机等低位科技与银行白酒防御活跃,E1_timestamped,2026-07-29,True
2026-07-28,2026-07-28T20:00:00+08:00,新投研收盘复盘,https://www.xintouyan.com/archives/359,白酒,消费,创业板与科创板大跌，科技高位大面积负反馈，脑机接口/光刻机等低位科技与银行白酒防御活跃,E1_timestamped,2026-07-29,True
2026-07-29,2026-07-29T21:07:00+08:00,新投研收盘复盘,https://www.xintouyan.com/archives/380,消费,消费,深创超跌修复但科创继续弱，消费方向明显崛起，科技分化仍大,E1_timestamped,2026-07-30,True
2026-07-29,2026-07-29T21:07:00+08:00,新投研收盘复盘,https://www.xintouyan.com/archives/380,教育,教育,深创超跌修复但科创继续弱，消费方向明显崛起，科技分化仍大,E1_timestamped,2026-07-30,True
2026-07-29,2026-07-29T21:07:00+08:00,新投研收盘复盘,https://www.xintouyan.com/archives/380,乳品,消费,深创超跌修复但科创继续弱，消费方向明显崛起，科技分化仍大,E1_timestamped,2026-07-30,True
2026-07-29,2026-07-29T21:07:00+08:00,新投研收盘复盘,https://www.xintouyan.com/archives/380,白酒,消费,深创超跌修复但科创继续弱，消费方向明显崛起，科技分化仍大,E1_timestamped,2026-07-30,True
2026-07-29,2026-07-29T21:07:00+08:00,新投研收盘复盘,https://www.xintouyan.com/archives/380,半导体,半导体,深创超跌修复但科创继续弱，消费方向明显崛起，科技分化仍大,E1_timestamped,2026-07-30,True
2026-07-30,2026-07-30T23:28:00+08:00,东方财富财富号复盘,https://caifuhao.eastmoney.com/news/20260730232821231319190,白酒,消费,科技继续深跌，消费与金融逆势，防御风格强化,E1_timestamped,2026-07-31,True
2026-07-30,2026-07-30T23:28:00+08:00,东方财富财富号复盘,https://caifuhao.eastmoney.com/news/20260730232821231319190,食品饮料,消费,科技继续深跌，消费与金融逆势，防御风格强化,E1_timestamped,2026-07-31,True
2026-07-30,2026-07-30T23:28:00+08:00,东方财富财富号复盘,https://caifuhao.eastmoney.com/news/20260730232821231319190,银行,金融,科技继续深跌，消费与金融逆势，防御风格强化,E1_timestamped,2026-07-31,True
2026-07-30,2026-07-30T23:28:00+08:00,东方财富财富号复盘,https://caifuhao.eastmoney.com/news/20260730232821231319190,草甘膦,化工,科技继续深跌，消费与金融逆势，防御风格强化,E1_timestamped,2026-07-31,True
2026-07-30,2026-07-30T23:28:00+08:00,东方财富财富号复盘,https://caifuhao.eastmoney.com/news/20260730232821231319190,半导体,半导体,科技继续深跌，消费与金融逆势，防御风格强化,E1_timestamped,2026-07-31,True
2026-07-30,2026-07-30T23:28:00+08:00,东方财富财富号复盘,https://caifuhao.eastmoney.com/news/20260730232821231319190,算力硬件,算力硬件,科技继续深跌，消费与金融逆势，防御风格强化,E1_timestamped,2026-07-31,True
2026-07-31,2026-07-31T16:49:00+08:00,财联社每日收评,https://www.cls.cn/detail/2442641,AI应用,AI应用,市场反弹但科技内部高开低走明显，AI应用/算力租赁/机器人较强，存储芯片核心冲高回落,E1_timestamped,,True
2026-07-31,2026-07-31T16:49:00+08:00,财联社每日收评,https://www.cls.cn/detail/2442641,算力租赁,算力硬件,市场反弹但科技内部高开低走明显，AI应用/算力租赁/机器人较强，存储芯片核心冲高回落,E1_timestamped,,True
2026-07-31,2026-07-31T16:49:00+08:00,财联社每日收评,https://www.cls.cn/detail/2442641,机器人,机器人,市场反弹但科技内部高开低走明显，AI应用/算力租赁/机器人较强，存储芯片核心冲高回落,E1_timestamped,,True
2026-07-31,2026-07-31T16:49:00+08:00,财联社每日收评,https://www.cls.cn/detail/2442641,存储芯片,存储芯片,市场反弹但科技内部高开低走明显，AI应用/算力租赁/机器人较强，存储芯片核心冲高回落,E1_timestamped,,True
2026-07-31,2026-07-31T16:49:00+08:00,财联社每日收评,https://www.cls.cn/detail/2442641,算力硬件,算力硬件,市场反弹但科技内部高开低走明显，AI应用/算力租赁/机器人较强，存储芯片核心冲高回落,E1_timestamped,,True
