date,primary_url,secondary_search_hint,status
2026-07-01,https://lianban.net/days/2026-07-01.html,"东方财富 7月1日 涨停 复盘",pending
2026-07-02,https://lianban.net/days/2026-07-02.html,"东方财富 7月2日 涨停 复盘",verified_seed
2026-07-03,https://lianban.net/days/2026-07-03.html,"7月3日 A股 涨停 复盘",pending
2026-07-06,https://lianban.net/days/2026-07-06.html,"7月6日 A股 涨停 复盘",pending
2026-07-07,https://lianban.net/days/2026-07-07.html,"7月7日 A股 涨停 复盘",pending
2026-07-08,https://lianban.net/days/2026-07-08.html,"7月8日 A股 涨停 复盘",pending
2026-07-09,https://lianban.net/days/2026-07-09.html,"7月9日 A股 涨停 复盘",pending
2026-07-10,https://lianban.net/days/2026-07-10.html,"7月10日 A股 涨停 复盘",pending
2026-07-13,https://lianban.net/days/2026-07-13.html,"7月13日 A股 涨停 复盘",verified_seed
2026-07-14,https://lianban.net/days/2026-07-14.html,"7月14日 A股 涨停 复盘",pending
2026-07-15,https://lianban.net/days/2026-07-15.html,"7月15日 A股 涨停 复盘",pending
2026-07-16,https://lianban.net/days/2026-07-16.html,"7月16日 A股 涨停 复盘",pending
2026-07-17,https://lianban.net/days/2026-07-17.html,"7月17日 A股 涨停 复盘",pending
2026-07-20,https://lianban.net/days/2026-07-20.html,"7月20日 A股 涨停 复盘",pending
2026-07-21,https://lianban.net/days/2026-07-21.html,"7月21日 A股 涨停 复盘",pending
2026-07-22,https://lianban.net/days/2026-07-22.html,"7月22日 A股 涨停 复盘",pending
2026-07-23,https://lianban.net/days/2026-07-23.html,"7月23日 A股 涨停 复盘",pending
2026-07-24,https://lianban.net/days/2026-07-24.html,"7月24日 A股 涨停 复盘",pending
2026-07-27,https://lianban.net/days/2026-07-27.html,"7月27日 A股 涨停 复盘",verified_seed
2026-07-28,https://lianban.net/days/2026-07-28.html,"7月28日 A股 涨停 复盘",pending
2026-07-29,https://lianban.net/days/2026-07-29.html,"7月29日 A股 涨停 复盘",pending
2026-07-30,https://lianban.net/days/2026-07-30.html,"7月30日 A股 涨停 复盘",pending
2026-07-31,https://lianban.net/days/2026-07-31.html,"7月31日 A股 涨停 复盘",pending
