code,date,streak_calc,market_height,height_gap_live,month,week,amount,close
000017,2026-08-24,3,4,1,2026-08,2026-08-22/2026-08-28,69120996.0,7.82
000017,2026-08-25,4,5,1,2026-08,2026-08-22/2026-08-28,497483913.234375,8.6
000017,2026-08-26,5,5,0,2026-08,2026-08-22/2026-08-28,961828263.296875,9.46
000017,2026-08-27,6,6,0,2026-08,2026-08-22/2026-08-28,605589562.0,10.41
000017,2026-08-28,7,7,0,2026-08,2026-08-22/2026-08-28,1253143468.2890625,11.45
000020,2026-03-18,3,3,0,2026-03,2026-03-14/2026-03-20,55759304.0,19.28
000020,2026-03-19,4,4,0,2026-03,2026-03-14/2026-03-20,68976655.21875,21.21
000020,2026-03-20,5,5,0,2026-03,2026-03-14/2026-03-20,122810521.5625,23.33
000032,2026-06-15,3,3,0,2026-06,2026-06-13/2026-06-19,2028997048.7890625,20.81
000032,2026-06-16,4,4,0,2026-06,2026-06-13/2026-06-19,2257243005.1875,22.89
000048,2026-06-11,3,3,0,2026-06,2026-06-06/2026-06-12,560492815.9902344,19.61
000066,2026-05-07,3,5,2,2026-05,2026-05-02/2026-05-08,11997152114.4375,23.98
000402,2026-05-06,3,4,1,2026-05,2026-05-02/2026-05-08,725159321.3271484,3.49
000417,2026-05-20,3,8,5,2026-05,2026-05-16/2026-05-22,923332335.21875,9.53
000428,2026-07-29,3,7,4,2026-07,2026-07-25/2026-07-31,175460973.12109375,4.04
000505,2026-08-19,3,3,0,2026-08,2026-08-15/2026-08-21,498300344.4375,7.47
000509,2026-05-27,3,3,0,2026-05,2026-05-23/2026-05-29,1222833288.6015625,5.21
000509,2026-05-28,4,4,0,2026-05,2026-05-23/2026-05-29,352414238.25,5.73
000510,2026-05-26,3,3,0,2026-05,2026-05-23/2026-05-29,1430219924.6875,18.07
000510,2026-06-15,3,3,0,2026-06,2026-06-13/2026-06-19,351026045.1953125,21.31
000518,2026-05-25,3,3,0,2026-05,2026-05-23/2026-05-29,1301657900.90625,4.54
000533,2026-03-06,3,3,0,2026-03,2026-02-28/2026-03-06,148069216.6875,14.88
000533,2026-03-09,4,4,0,2026-03,2026-03-07/2026-03-13,863385557.03125,16.37
000533,2026-07-27,3,5,2,2026-07,2026-07-25/2026-07-31,675427015.3085938,10.51
000533,2026-07-28,4,6,2,2026-07,2026-07-25/2026-07-31,2148432256.0,11.56
000537,2026-03-12,3,3,0,2026-03,2026-03-07/2026-03-13,913512454.03125,12.51
000539,2026-05-29,3,5,2,2026-05,2026-05-23/2026-05-29,1024388053.3828125,8.88
000539,2026-06-01,4,4,0,2026-06,2026-05-30/2026-06-05,4494654341.75,9.77
000566,2026-07-01,3,3,0,2026-07,2026-06-27/2026-07-03,1076585677.1875,5.49
000566,2026-07-02,4,4,0,2026-07,2026-06-27/2026-07-03,745451403.5,6.04
000586,2026-04-07,3,7,4,2026-04,2026-04-04/2026-04-10,37592332.80175781,20.76
000586,2026-04-08,4,4,0,2026-04,2026-04-04/2026-04-10,86862827.0,22.84
000586,2026-04-09,5,5,0,2026-04,2026-04-04/2026-04-10,1336684860.4921875,25.12
000593,2026-08-04,3,5,2,2026-08,2026-08-01/2026-08-07,28024065.0,20.47
000593,2026-08-05,4,4,0,2026-08,2026-08-01/2026-08-07,547852545.8359375,22.52
000601,2026-03-20,3,5,2,2026-03,2026-03-14/2026-03-20,1018785978.1987305,8.14
000603,2026-07-23,3,6,3,2026-07,2026-07-18/2026-07-24,1656097584.0,24.83
000676,2026-07-17,3,3,0,2026-07,2026-07-11/2026-07-17,1722939740.9375,6.84
000712,2026-08-28,3,7,4,2026-08,2026-08-22/2026-08-28,178845204.0,11.8
000712,2026-08-31,4,6,2,2026-08,2026-08-29/2026-09-04,3119349335.5,12.98
000720,2026-03-26,3,3,0,2026-03,2026-03-21/2026-03-27,106067580.703125,5.01
000720,2026-03-27,4,4,0,2026-03,2026-03-21/2026-03-27,733060154.4414062,5.51
000720,2026-04-07,3,7,4,2026-04,2026-04-04/2026-04-10,496700710.53125,6.53
000722,2026-03-26,3,3,0,2026-03,2026-03-21/2026-03-27,2020618457.7421875,18.28
000777,2026-06-17,3,3,0,2026-06,2026-06-13/2026-06-19,1701762000.65625,21.86
000802,2026-08-12,3,7,4,2026-08,2026-08-08/2026-08-14,662665167.3984375,5.69
000802,2026-08-13,4,5,1,2026-08,2026-08-08/2026-08-14,851181628.6796875,6.26
000811,2026-06-22,3,5,2,2026-06,2026-06-20/2026-06-26,3080144653.21875,44.19
000815,2026-03-09,3,4,1,2026-03,2026-03-07/2026-03-13,3849463265.75,17.94
000815,2026-07-22,3,5,2,2026-07,2026-07-18/2026-07-24,1447900947.953125,16.13
000815,2026-07-23,4,6,2,2026-07,2026-07-18/2026-07-24,2101806926.6015625,17.74
000815,2026-08-04,3,5,2,2026-08,2026-08-01/2026-08-07,670304845.75,18.37
000823,2026-06-26,3,6,3,2026-06,2026-06-20/2026-06-26,3018024606.2421875,28.46
000889,2026-04-10,3,3,0,2026-04,2026-04-04/2026-04-10,775670476.125,4.35
000890,2026-03-16,3,3,0,2026-03,2026-03-14/2026-03-20,1531178828.4375,12.2
000890,2026-03-17,4,4,0,2026-03,2026-03-14/2026-03-20,1242946040.125,13.42
000925,2026-04-27,3,4,1,2026-04,2026-04-25/2026-05-01,137845788.79882812,10.12
000931,2026-08-24,3,4,1,2026-08,2026-08-22/2026-08-28,616654392.578125,5.6
000936,2026-08-14,3,3,0,2026-08,2026-08-08/2026-08-14,951168427.65625,6.97
001234,2026-04-24,3,3,0,2026-04,2026-04-18/2026-04-24,451485261.0,35.77
001257,2026-06-15,3,3,0,2026-06,2026-06-13/2026-06-19,1472260556.53125,30.51
001257,2026-06-16,4,4,0,2026-06,2026-06-13/2026-06-19,720445785.2226562,33.56
001258,2026-07-20,3,3,0,2026-07,2026-07-18/2026-07-24,733892698.875,9.1
001258,2026-07-21,4,4,0,2026-07,2026-07-18/2026-07-24,1579363378.84375,10.01
001258,2026-07-22,5,5,0,2026-07,2026-07-18/2026-07-24,663233518.328125,11.01
001258,2026-07-23,6,6,0,2026-07,2026-07-18/2026-07-24,1270567214.0,12.11
001259,2026-05-13,3,6,3,2026-05,2026-05-09/2026-05-15,29975000.0,50.0
001259,2026-05-14,4,5,1,2026-05,2026-05-09/2026-05-15,22869935.0,55.0
001259,2026-05-15,5,6,1,2026-05,2026-05-09/2026-05-15,34383360.0,60.5
001259,2026-05-18,6,6,0,2026-05,2026-05-16/2026-05-22,446703316.0,66.55
001259,2026-05-19,7,7,0,2026-05,2026-05-16/2026-05-22,221010754.765625,73.21
001259,2026-05-20,8,8,0,2026-05,2026-05-16/2026-05-22,763635196.34375,80.53
001260,2026-08-14,3,3,0,2026-08,2026-08-08/2026-08-14,29927908.0,23.13
001267,2026-08-06,3,10,7,2026-08,2026-08-01/2026-08-07,2778782032.25,38.81
001267,2026-08-07,4,4,0,2026-08,2026-08-01/2026-08-07,2972378042.0,42.69
001299,2026-04-14,3,4,1,2026-04,2026-04-11/2026-04-17,383204117.2861328,18.54
001358,2026-07-29,3,7,4,2026-07,2026-07-25/2026-07-31,318396557.5058594,26.98
001388,2026-07-15,3,4,1,2026-07,2026-07-11/2026-07-17,358905929.59375,35.68
001395,2026-07-13,3,3,0,2026-07,2026-07-11/2026-07-17,357072181.4140625,31.49
002068,2026-06-23,3,5,2,2026-06,2026-06-20/2026-06-26,1443780245.125,12.65
002080,2026-06-17,3,3,0,2026-06,2026-06-13/2026-06-19,6698619795.75,82.41
002081,2026-04-21,3,4,1,2026-04,2026-04-18/2026-04-24,531011305.828125,4.49
002081,2026-04-22,4,4,0,2026-04,2026-04-18/2026-04-24,302975484.0625,4.94
002081,2026-04-23,5,5,0,2026-04,2026-04-18/2026-04-24,1792060336.875,5.43
002081,2026-04-30,3,4,1,2026-04,2026-04-25/2026-05-01,3220259754.0,5.9
002081,2026-05-06,4,4,0,2026-05,2026-05-02/2026-05-08,1721003215.8125,6.49
002081,2026-05-07,5,5,0,2026-05,2026-05-02/2026-05-08,3120489312.5,7.14
002081,2026-08-14,3,3,0,2026-08,2026-08-08/2026-08-14,2648471244.0625,5.29
002081,2026-08-17,4,4,0,2026-08,2026-08-15/2026-08-21,2782545651.3125,5.82
002084,2026-08-26,3,5,2,2026-08,2026-08-22/2026-08-28,15938581.31616211,4.79
002084,2026-08-27,4,6,2,2026-08,2026-08-22/2026-08-28,27643695.616531372,5.27
002084,2026-08-28,5,7,2,2026-08,2026-08-22/2026-08-28,39002059.78833008,5.8
002084,2026-08-31,6,6,0,2026-08,2026-08-29/2026-09-04,39838025.299316406,6.38
002124,2026-04-15,3,5,2,2026-04,2026-04-11/2026-04-17,1211353421.0078125,3.14
002141,2026-06-18,3,4,1,2026-06,2026-06-13/2026-06-19,257761534.0,4.71
002167,2026-06-23,3,5,2,2026-06,2026-06-20/2026-06-26,1913228926.8125,19.51
002167,2026-06-24,4,4,0,2026-06,2026-06-20/2026-06-26,6178911007.25,21.46
002172,2026-08-14,3,3,0,2026-08,2026-08-08/2026-08-14,86716415.0,4.54
002172,2026-08-17,4,4,0,2026-08,2026-08-15/2026-08-21,980026130.25,4.99
002192,2026-03-26,3,3,0,2026-03,2026-03-21/2026-03-27,2839523082.4375,70.91
002192,2026-03-27,4,4,0,2026-03,2026-03-21/2026-03-27,3145293035.5,78.0
002197,2026-07-23,3,6,3,2026-07,2026-07-18/2026-07-24,817002307.75,7.67
002208,2026-05-14,3,5,2,2026-05,2026-05-09/2026-05-15,1888266150.75,19.8
002210,2026-04-29,3,3,0,2026-04,2026-04-25/2026-05-01,612137799.6875,3.31
002248,2026-08-12,3,7,4,2026-08,2026-08-08/2026-08-14,862786467.0,12.17
002254,2026-06-09,3,3,0,2026-06,2026-06-06/2026-06-12,2683977728.1953125,18.79
002272,2026-05-20,3,8,5,2026-05,2026-05-16/2026-05-22,1505371953.40625,24.94
002297,2026-04-15,3,5,2,2026-04,2026-04-11/2026-04-17,143482885.0,14.62
002297,2026-04-16,4,6,2,2026-04,2026-04-11/2026-04-17,2086259780.453125,16.08
002297,2026-04-17,5,7,2,2026-04,2026-04-11/2026-04-17,2008313014.28125,17.69
002297,2026-04-20,6,6,0,2026-04,2026-04-18/2026-04-24,1657136224.578125,19.46
002309,2026-03-24,3,7,4,2026-03,2026-03-21/2026-03-27,264749120.125,4.61
002309,2026-03-25,4,8,4,2026-03,2026-03-21/2026-03-27,5368929562.875,5.07
002310,2026-03-23,3,6,3,2026-03,2026-03-21/2026-03-27,3194865729.0234375,3.83
002329,2026-08-12,3,7,4,2026-08,2026-08-08/2026-08-14,514912684.625,4.2
002329,2026-08-13,4,5,1,2026-08,2026-08-08/2026-08-14,719355806.8076172,4.62
002354,2026-06-09,3,3,0,2026-06,2026-06-06/2026-06-12,3789546379.125,8.06
002354,2026-06-10,4,4,0,2026-06,2026-06-06/2026-06-12,2992898186.234375,8.87
002354,2026-08-04,3,5,2,2026-08,2026-08-01/2026-08-07,3737448768.25,7.88
002361,2026-03-30,3,5,2,2026-03,2026-03-28/2026-04-03,3313354653.0,15.0
002361,2026-03-31,4,4,0,2026-03,2026-03-28/2026-04-03,3149143447.5,16.5
002364,2026-04-13,3,4,1,2026-04,2026-04-11/2026-04-17,579812722.0078125,38.63
002364,2026-04-14,4,4,0,2026-04,2026-04-11/2026-04-17,3630085343.8125,42.49
002388,2026-07-28,3,6,3,2026-07,2026-07-25/2026-07-31,569087111.0,5.28
002396,2026-08-31,3,6,3,2026-08,2026-08-29/2026-09-04,5255444083.46875,40.36
002407,2026-07-01,3,3,0,2026-07,2026-06-27/2026-07-03,3893123506.25,55.25
002412,2026-08-21,3,3,0,2026-08,2026-08-15/2026-08-21,229530309.41601562,10.19
002412,2026-08-24,4,4,0,2026-08,2026-08-22/2026-08-28,403946774.8388672,11.21
002412,2026-08-25,5,5,0,2026-08,2026-08-22/2026-08-28,1236227049.9624023,12.33
002418,2026-08-27,3,6,3,2026-08,2026-08-22/2026-08-28,1227785868.765625,4.91
002421,2026-05-19,3,7,4,2026-05,2026-05-16/2026-05-22,242736316.0,3.88
002421,2026-05-20,4,8,4,2026-05,2026-05-16/2026-05-22,2229559582.6875,4.27
002425,2026-08-06,3,10,7,2026-08,2026-08-01/2026-08-07,418956365.55078125,3.82
002428,2026-08-06,3,10,7,2026-08,2026-08-01/2026-08-07,7063061217.4375,90.98
002428,2026-08-07,4,4,0,2026-08,2026-08-01/2026-08-07,11740853435.875,100.08
002442,2026-05-22,3,3,0,2026-05,2026-05-16/2026-05-22,716560521.9375,8.11
002445,2026-03-12,3,3,0,2026-03,2026-03-07/2026-03-13,47724004.818359375,4.08
002445,2026-03-13,4,4,0,2026-03,2026-03-07/2026-03-13,516189156.3125,4.49
002491,2026-05-11,3,5,2,2026-05,2026-05-09/2026-05-15,1981928814.1899414,22.73
002491,2026-05-12,4,5,1,2026-05,2026-05-09/2026-05-15,3125535746.0,25.0
002498,2026-03-06,3,3,0,2026-03,2026-02-28/2026-03-06,3225932995.2734375,9.83
002552,2026-05-11,3,5,2,2026-05,2026-05-09/2026-05-15,1220817623.0,30.42
002552,2026-05-12,4,5,1,2026-05,2026-05-09/2026-05-15,1703292648.609375,33.46
002552,2026-05-26,3,3,0,2026-05,2026-05-23/2026-05-29,1655394451.0,48.18
002552,2026-08-06,3,10,7,2026-08,2026-08-01/2026-08-07,750614112.0,43.27
002552,2026-08-07,4,4,0,2026-08,2026-08-01/2026-08-07,211156992.0,47.6
002552,2026-08-10,5,5,0,2026-08,2026-08-08/2026-08-14,1234617830.75,52.36
002560,2026-04-02,3,5,2,2026-04,2026-03-28/2026-04-03,2709400986.3125,13.06
002579,2026-05-28,3,4,1,2026-05,2026-05-23/2026-05-29,3988891206.1875,18.19
002580,2026-04-13,3,4,1,2026-04,2026-04-11/2026-04-17,2074911597.8046875,20.88
002580,2026-04-14,4,4,0,2026-04,2026-04-11/2026-04-17,3926483832.0,22.97
002580,2026-04-15,5,5,0,2026-04,2026-04-11/2026-04-17,2708185877.5859375,25.27
002580,2026-04-16,6,6,0,2026-04,2026-04-11/2026-04-17,1830774675.7382812,27.8
002580,2026-04-17,7,7,0,2026-04,2026-04-11/2026-04-17,2496919940.515625,30.58
002585,2026-05-26,3,3,0,2026-05,2026-05-23/2026-05-29,2264225505.515625,10.87
002636,2026-06-10,3,4,1,2026-06,2026-06-06/2026-06-12,2953090976.421875,77.42
002674,2026-06-23,3,5,2,2026-06,2026-06-20/2026-06-26,19273068.0,21.66
002674,2026-06-24,4,4,0,2026-06,2026-06-20/2026-06-26,55292820.0,23.83
002674,2026-06-25,5,5,0,2026-06,2026-06-20/2026-06-26,75940853.0,26.21
002674,2026-06-26,6,6,0,2026-06,2026-06-20/2026-06-26,217109184.0,28.83
002677,2026-07-17,3,3,0,2026-07,2026-07-11/2026-07-17,54576740.046875,7.95
002741,2026-06-17,3,3,0,2026-06,2026-06-13/2026-06-19,806009332.4609375,39.44
002742,2026-08-27,3,6,3,2026-08,2026-08-22/2026-08-28,56422741.0,5.67
002742,2026-08-28,4,7,3,2026-08,2026-08-22/2026-08-28,1345116139.0625,6.24
002805,2026-05-06,3,4,1,2026-05,2026-05-02/2026-05-08,1658739455.921875,25.14
002820,2026-08-18,3,4,1,2026-08,2026-08-15/2026-08-21,50512767.40625,12.27
002827,2026-07-31,3,9,6,2026-07,2026-07-25/2026-07-31,760995363.8125,34.6
002827,2026-08-03,4,5,1,2026-08,2026-08-01/2026-08-07,316471950.0,38.06
002827,2026-08-04,5,5,0,2026-08,2026-08-01/2026-08-07,2401693779.0,41.87
002827,2026-08-10,3,5,2,2026-08,2026-08-08/2026-08-14,781698811.0,59.58
002841,2026-07-09,3,7,4,2026-07,2026-07-04/2026-07-10,2546645796.9375,52.13
002855,2026-08-27,3,6,3,2026-08,2026-08-22/2026-08-28,18861601.0,13.31
002855,2026-08-28,4,7,3,2026-08,2026-08-22/2026-08-28,75031464.0,14.64
002855,2026-08-31,5,6,1,2026-08,2026-08-29/2026-09-04,565427763.5,16.1
002879,2026-07-23,3,6,3,2026-07,2026-07-18/2026-07-24,420753293.0,16.41
002879,2026-07-24,4,4,0,2026-07,2026-07-18/2026-07-24,368888207.0,18.05
002879,2026-07-27,5,5,0,2026-07,2026-07-25/2026-07-31,962946803.3125,19.86
002886,2026-08-31,3,6,3,2026-08,2026-08-29/2026-09-04,1885965325.7734375,29.04
002918,2026-05-12,3,5,2,2026-05,2026-05-09/2026-05-15,56329488.0,14.0
002918,2026-05-13,4,6,2,2026-05,2026-05-09/2026-05-15,753431015.78125,15.4
002918,2026-05-14,5,5,0,2026-05,2026-05-09/2026-05-15,445197698.3125,16.94
002918,2026-05-15,6,6,0,2026-05,2026-05-09/2026-05-15,883742740.5625,18.63
002942,2026-08-28,3,7,4,2026-08,2026-08-22/2026-08-28,512135688.921875,20.91
002963,2026-08-04,3,5,2,2026-08,2026-08-01/2026-08-07,95143335.0,15.99
002963,2026-08-05,4,4,0,2026-08,2026-08-01/2026-08-07,52784543.0,17.59
002963,2026-08-06,5,10,5,2026-08,2026-08-01/2026-08-07,262601602.0,19.35
002971,2026-06-11,3,3,0,2026-06,2026-06-06/2026-06-12,1248622336.0,52.75
002971,2026-06-12,4,4,0,2026-06,2026-06-06/2026-06-12,3325475329.40625,58.03
002971,2026-08-07,3,4,1,2026-08,2026-08-01/2026-08-07,672232155.0,45.38
002975,2026-08-06,3,10,7,2026-08,2026-08-01/2026-08-07,1433678562.390625,93.07
002989,2026-06-18,3,4,1,2026-06,2026-06-13/2026-06-19,761291002.6074219,37.37
002990,2026-04-16,3,6,3,2026-04,2026-04-11/2026-04-17,1080677388.078125,46.32
002990,2026-04-17,4,7,3,2026-04,2026-04-11/2026-04-17,905291337.0,50.95
002995,2026-06-01,3,4,1,2026-06,2026-05-30/2026-06-05,708236068.0,25.11
003018,2026-04-21,3,4,1,2026-04,2026-04-18/2026-04-24,599048846.0,47.45
003018,2026-04-22,4,4,0,2026-04,2026-04-18/2026-04-24,1035964362.0,52.2
003018,2026-05-18,3,6,3,2026-05,2026-05-16/2026-05-22,1284233928.0,65.05
003020,2026-07-13,3,3,0,2026-07,2026-07-11/2026-07-17,339069036.76953125,20.61
003040,2026-08-25,3,5,2,2026-08,2026-08-22/2026-08-28,678449055.375,15.48
003040,2026-08-26,4,5,1,2026-08,2026-08-22/2026-08-28,1769610175.75,17.03
003040,2026-08-27,5,6,1,2026-08,2026-08-22/2026-08-28,1759884186.0,18.73
600032,2026-03-25,3,8,5,2026-03,2026-03-21/2026-03-27,2153556024.0,13.02
600076,2026-05-12,3,5,2,2026-05,2026-05-09/2026-05-15,265768143.0,4.36
600103,2026-08-27,3,6,3,2026-08,2026-08-22/2026-08-28,507382963.0,3.82
600110,2026-06-17,3,3,0,2026-06,2026-06-13/2026-06-19,279370313.0,17.22
600113,2026-07-01,3,3,0,2026-07,2026-06-27/2026-07-03,477876397.0,36.5
600121,2026-06-03,3,3,0,2026-06,2026-05-30/2026-06-05,1541583715.0,5.69
600127,2026-08-19,3,3,0,2026-08,2026-08-15/2026-08-21,228896553.0,7.82
600127,2026-08-20,4,4,0,2026-08,2026-08-15/2026-08-21,2357097435.0,8.6
600130,2026-05-08,3,4,1,2026-05,2026-05-02/2026-05-08,361143023.0,6.15
600152,2026-04-28,3,5,2,2026-04,2026-04-25/2026-05-01,1150701079.0,15.69
600156,2026-04-20,3,6,3,2026-04,2026-04-18/2026-04-24,356683740.0,10.19
600162,2026-05-27,3,3,0,2026-05,2026-05-23/2026-05-29,357973274.0,2.31
600162,2026-05-28,4,4,0,2026-05,2026-05-23/2026-05-29,700064759.0,2.54
600162,2026-05-29,5,5,0,2026-05,2026-05-23/2026-05-29,315883035.0,2.79
600162,2026-07-17,3,3,0,2026-07,2026-07-11/2026-07-17,1115651153.0,3.06
600172,2026-05-13,3,6,3,2026-05,2026-05-09/2026-05-15,3791924488.0,11.84
600172,2026-05-26,3,3,0,2026-05,2026-05-23/2026-05-29,4052724341.0,13.3
600206,2026-08-07,3,4,1,2026-08,2026-08-01/2026-08-07,4287778352.0,48.17
600227,2026-03-17,3,4,1,2026-03,2026-03-14/2026-03-20,2315337448.0,5.29
600255,2026-06-04,3,4,1,2026-06,2026-05-30/2026-06-05,2959450946.0,4.83
600272,2026-08-10,3,5,2,2026-08,2026-08-08/2026-08-14,84254641.0,14.27
600272,2026-08-11,4,6,2,2026-08,2026-08-08/2026-08-14,752039645.0,15.7
600272,2026-08-12,5,7,2,2026-08,2026-08-08/2026-08-14,1034953811.0,17.27
600280,2026-06-02,3,3,0,2026-06,2026-05-30/2026-06-05,552412309.0,3.87
600288,2026-07-08,3,6,3,2026-07,2026-07-04/2026-07-10,1953207071.0,17.11
600353,2026-06-17,3,3,0,2026-06,2026-06-13/2026-06-19,1113021738.0,38.19
600353,2026-06-18,4,4,0,2026-06,2026-06-13/2026-06-19,1356910671.0,42.01
600353,2026-06-22,5,5,0,2026-06,2026-06-20/2026-06-26,323219538.0,46.21
600353,2026-08-18,3,4,1,2026-08,2026-08-15/2026-08-21,2426645612.0,37.54
600367,2026-06-03,3,3,0,2026-06,2026-05-30/2026-06-05,552223760.0,42.72
600371,2026-08-27,3,6,3,2026-08,2026-08-22/2026-08-28,169885579.0,10.49
600371,2026-08-28,4,7,3,2026-08,2026-08-22/2026-08-28,56645751.0,11.54
600371,2026-08-31,5,6,1,2026-08,2026-08-29/2026-09-04,174057943.0,12.69
600379,2026-04-30,3,4,1,2026-04,2026-04-25/2026-05-01,733737695.0,16.78
600379,2026-05-06,4,4,0,2026-05,2026-05-02/2026-05-08,492266699.0,18.46
600396,2026-03-18,3,3,0,2026-03,2026-03-14/2026-03-20,331038824.0,5.17
600396,2026-03-19,4,4,0,2026-03,2026-03-14/2026-03-20,1029183577.0,5.69
600396,2026-03-20,5,5,0,2026-03,2026-03-14/2026-03-20,2415906693.0,6.26
600396,2026-03-23,6,6,0,2026-03,2026-03-21/2026-03-27,1148215843.0,6.89
600396,2026-03-24,7,7,0,2026-03,2026-03-21/2026-03-27,1742915082.0,7.58
600396,2026-03-25,8,8,0,2026-03,2026-03-21/2026-03-27,823882018.0,8.34
600396,2026-04-23,3,5,2,2026-04,2026-04-18/2026-04-24,3637955116.0,9.83
600396,2026-05-13,3,6,3,2026-05,2026-05-09/2026-05-15,2570751453.0,16.56
600397,2026-06-18,3,4,1,2026-06,2026-06-13/2026-06-19,2956050626.0,20.2
600397,2026-06-22,4,5,1,2026-06,2026-06-20/2026-06-26,556683786.0,22.22
600397,2026-06-23,5,5,0,2026-06,2026-06-20/2026-06-26,4335002451.0,24.44
600397,2026-08-06,3,10,7,2026-08,2026-08-01/2026-08-07,407628817.0,16.89
600403,2026-06-03,3,3,0,2026-06,2026-05-30/2026-06-05,636113507.0,6.73
600403,2026-06-04,4,4,0,2026-06,2026-05-30/2026-06-05,195943693.0,7.4
600403,2026-06-05,5,5,0,2026-06,2026-05-30/2026-06-05,1682166900.0,8.14
600403,2026-06-08,6,6,0,2026-06,2026-06-06/2026-06-12,1887387361.0,8.95
600479,2026-08-28,3,7,4,2026-08,2026-08-22/2026-08-28,1392000852.0,13.33
600488,2026-03-31,3,4,1,2026-03,2026-03-28/2026-04-03,466914858.0,5.24
600488,2026-04-01,4,4,0,2026-04,2026-03-28/2026-04-03,212279376.0,5.76
600488,2026-04-02,5,5,0,2026-04,2026-03-28/2026-04-03,94334751.0,6.34
600488,2026-04-03,6,6,0,2026-04,2026-03-28/2026-04-03,652492092.0,6.97
600488,2026-04-07,7,7,0,2026-04,2026-04-04/2026-04-10,1322689110.0,7.67
600500,2026-06-11,3,3,0,2026-06,2026-06-06/2026-06-12,280375324.0,7.21
600500,2026-06-12,4,4,0,2026-06,2026-06-06/2026-06-12,4566952717.0,7.93
600530,2026-05-12,3,5,2,2026-05,2026-05-09/2026-05-15,438827955.0,7.21
600530,2026-05-13,4,6,2,2026-05,2026-05-09/2026-05-15,132154360.0,7.93
600540,2026-08-31,3,6,3,2026-08,2026-08-29/2026-09-04,39566761.0,5.56
600545,2026-03-06,3,3,0,2026-03,2026-02-28/2026-03-06,730192487.0,4.15
600578,2026-05-15,3,6,3,2026-05,2026-05-09/2026-05-15,2911358516.0,7.01
600578,2026-05-18,4,6,2,2026-05,2026-05-16/2026-05-22,1837976672.0,7.71
600611,2026-05-22,3,3,0,2026-05,2026-05-16/2026-05-22,358375607.0,6.13
600613,2026-08-17,3,4,1,2026-08,2026-08-15/2026-08-21,273824899.0,7.05
600613,2026-08-18,4,4,0,2026-08,2026-08-15/2026-08-21,560836376.0,7.76
600641,2026-07-02,3,4,1,2026-07,2026-06-27/2026-07-03,3282307774.0,48.24
600654,2026-04-08,3,4,1,2026-04,2026-04-04/2026-04-10,1096759688.0,4.4
600664,2026-07-14,3,3,0,2026-07,2026-07-11/2026-07-17,1742338835.0,4.08
600664,2026-07-15,4,4,0,2026-07,2026-07-11/2026-07-17,494184364.0,4.49
600664,2026-07-16,5,5,0,2026-07,2026-07-11/2026-07-17,1464972726.0,4.94
600664,2026-08-11,3,6,3,2026-08,2026-08-08/2026-08-14,5494869171.0,8.27
600683,2026-08-12,3,7,4,2026-08,2026-08-08/2026-08-14,27408050.0,11.75
600683,2026-08-13,4,5,1,2026-08,2026-08-08/2026-08-14,24367878.0,12.93
600721,2026-08-06,3,10,7,2026-08,2026-08-01/2026-08-07,1188527583.0,9.58
600721,2026-08-07,4,4,0,2026-08,2026-08-01/2026-08-07,628410382.0,10.54
600721,2026-08-10,5,5,0,2026-08,2026-08-08/2026-08-14,59325243.0,11.59
600721,2026-08-11,6,6,0,2026-08,2026-08-08/2026-08-14,851697283.0,12.75
600721,2026-08-12,7,7,0,2026-08,2026-08-08/2026-08-14,1840794574.0,14.03
600744,2026-07-21,3,4,1,2026-07,2026-07-18/2026-07-24,2551519222.0,7.22
600744,2026-07-22,4,5,1,2026-07,2026-07-18/2026-07-24,2900445367.0,7.94
600758,2026-03-25,3,8,5,2026-03,2026-03-21/2026-03-27,931291005.0,5.72
600785,2026-08-25,3,5,2,2026-08,2026-08-22/2026-08-28,783600356.0,11.78
600793,2026-07-03,3,3,0,2026-07,2026-06-27/2026-07-03,58544757.0,16.01
600793,2026-07-06,4,4,0,2026-07,2026-07-04/2026-07-10,321431890.0,17.61
600793,2026-07-07,5,5,0,2026-07,2026-07-04/2026-07-10,321315283.0,19.37
600851,2026-06-23,3,5,2,2026-06,2026-06-20/2026-06-26,434858564.0,9.72
600881,2026-08-13,3,5,2,2026-08,2026-08-08/2026-08-14,639190471.0,2.27
600961,2026-04-20,3,6,3,2026-04,2026-04-18/2026-04-24,123611274.0,24.3
600961,2026-04-21,4,4,0,2026-04,2026-04-18/2026-04-24,316870793.0,26.73
600992,2026-07-13,3,3,0,2026-07,2026-07-11/2026-07-17,63778201.0,11.72
601606,2026-07-27,3,5,2,2026-07,2026-07-25/2026-07-31,2455893226.0,35.26
601636,2026-06-17,3,3,0,2026-06,2026-06-13/2026-06-19,563774009.0,8.67
601700,2026-08-05,3,4,1,2026-08,2026-08-01/2026-08-07,1099139531.0,6.51
601700,2026-08-06,4,10,6,2026-08,2026-08-01/2026-08-07,1288381166.0,7.16
601789,2026-03-10,3,5,2,2026-03,2026-03-07/2026-03-13,156683285.0,6.64
601789,2026-03-11,4,4,0,2026-03,2026-03-07/2026-03-13,3755047132.0,7.3
601958,2026-06-15,3,3,0,2026-06,2026-06-13/2026-06-19,6029280862.0,28.07
601991,2026-05-08,3,4,1,2026-05,2026-05-02/2026-05-08,6675181869.0,5.54
601991,2026-05-11,4,5,1,2026-05,2026-05-09/2026-05-15,1681210485.0,6.09
601991,2026-05-12,5,5,0,2026-05,2026-05-09/2026-05-15,4528701600.0,6.7
601991,2026-05-13,6,6,0,2026-05,2026-05-09/2026-05-15,1771086427.0,7.37
603002,2026-06-17,3,3,0,2026-06,2026-06-13/2026-06-19,1801844555.0,23.2
603007,2026-05-14,3,5,2,2026-05,2026-05-09/2026-05-15,268010334.0,9.26
603011,2026-05-29,3,5,2,2026-05,2026-05-23/2026-05-29,1352094012.0,24.92
603011,2026-06-01,4,4,0,2026-06,2026-05-30/2026-06-05,936701197.0,27.41
603045,2026-05-07,3,5,2,2026-05,2026-05-02/2026-05-08,89042924.0,56.49
603045,2026-05-08,4,4,0,2026-05,2026-05-02/2026-05-08,103619688.0,62.14
603045,2026-05-11,5,5,0,2026-05,2026-05-09/2026-05-15,37175563.0,68.35
603052,2026-04-20,3,6,3,2026-04,2026-04-18/2026-04-24,1726232191.0,91.69
603052,2026-05-14,3,5,2,2026-05,2026-05-09/2026-05-15,858560280.0,115.38
603082,2026-05-18,3,6,3,2026-05,2026-05-16/2026-05-22,970337693.0,46.53
603082,2026-05-19,4,7,3,2026-05,2026-05-16/2026-05-22,264182375.0,51.18
603089,2026-08-18,3,4,1,2026-08,2026-08-15/2026-08-21,56736937.0,11.8
603095,2026-04-29,3,3,0,2026-04,2026-04-25/2026-05-01,511971329.0,23.06
603095,2026-04-30,4,4,0,2026-04,2026-04-25/2026-05-01,95422143.0,25.37
603106,2026-08-04,3,5,2,2026-08,2026-08-01/2026-08-07,192368861.0,9.04
603115,2026-06-17,3,3,0,2026-06,2026-06-13/2026-06-19,531354648.0,119.94
603118,2026-08-17,3,4,1,2026-08,2026-08-15/2026-08-21,2022067408.0,19.32
603135,2026-06-05,3,5,2,2026-06,2026-05-30/2026-06-05,464075548.0,14.03
603135,2026-06-08,4,6,2,2026-06,2026-06-06/2026-06-12,1119915743.0,15.43
603137,2026-07-03,3,3,0,2026-07,2026-06-27/2026-07-03,10426366.0,17.22
603137,2026-07-06,4,4,0,2026-07,2026-07-04/2026-07-10,13721272.0,18.94
603137,2026-07-07,5,5,0,2026-07,2026-07-04/2026-07-10,15183966.0,20.83
603137,2026-07-08,6,6,0,2026-07,2026-07-04/2026-07-10,1070203854.0,22.91
603137,2026-07-09,7,7,0,2026-07,2026-07-04/2026-07-10,327029498.0,25.2
603137,2026-07-15,3,4,1,2026-07,2026-07-11/2026-07-17,1042928321.0,35.61
603178,2026-04-21,3,4,1,2026-04,2026-04-18/2026-04-24,556789865.0,21.08
603186,2026-06-17,3,3,0,2026-06,2026-06-13/2026-06-19,3603072090.0,226.67
603221,2026-07-23,3,6,3,2026-07,2026-07-18/2026-07-24,2389421.0,12.73
603221,2026-07-24,4,4,0,2026-07,2026-07-18/2026-07-24,13813800.0,14.0
603221,2026-07-27,5,5,0,2026-07,2026-07-25/2026-07-31,8398005.0,15.4
603221,2026-07-28,6,6,0,2026-07,2026-07-25/2026-07-31,13435114.0,16.94
603221,2026-07-29,7,7,0,2026-07,2026-07-25/2026-07-31,20936431.0,18.63
603221,2026-07-30,8,8,0,2026-07,2026-07-25/2026-07-31,67861869.0,20.49
603221,2026-07-31,9,9,0,2026-07,2026-07-25/2026-07-31,450589335.0,22.54
603221,2026-08-06,10,10,0,2026-08,2026-08-01/2026-08-07,396490926.0,24.79
603248,2026-03-17,3,4,1,2026-03,2026-03-14/2026-03-20,999353516.0,34.12
603269,2026-08-31,3,6,3,2026-08,2026-08-29/2026-09-04,1089466676.0,24.4
603278,2026-05-08,3,4,1,2026-05,2026-05-02/2026-05-08,867555235.0,14.91
603311,2026-05-19,3,7,4,2026-05,2026-05-16/2026-05-22,1042700705.0,27.95
603316,2026-05-20,3,8,5,2026-05,2026-05-16/2026-05-22,358398252.0,24.77
603316,2026-05-21,4,7,3,2026-05,2026-05-16/2026-05-22,2130679168.0,27.25
603318,2026-04-24,3,3,0,2026-04,2026-04-18/2026-04-24,183816143.0,11.39
603318,2026-04-27,4,4,0,2026-04,2026-04-25/2026-05-01,1168677484.0,12.53
603318,2026-04-28,5,5,0,2026-04,2026-04-25/2026-05-01,1883937670.0,13.78
603330,2026-06-03,3,3,0,2026-06,2026-05-30/2026-06-05,101203112.0,8.55
603330,2026-06-04,4,4,0,2026-06,2026-05-30/2026-06-05,807779390.0,9.41
603330,2026-08-14,3,3,0,2026-08,2026-08-08/2026-08-14,268205503.0,10.68
603330,2026-08-17,4,4,0,2026-08,2026-08-15/2026-08-21,139344893.0,11.75
603395,2026-08-19,3,3,0,2026-08,2026-08-15/2026-08-21,340766987.0,29.0
603399,2026-04-30,3,4,1,2026-04,2026-04-25/2026-05-01,168504317.0,19.39
603399,2026-05-06,4,4,0,2026-05,2026-05-02/2026-05-08,162913405.0,21.33
603407,2026-06-23,3,5,2,2026-06,2026-06-20/2026-06-26,888880354.0,82.32
603407,2026-06-24,4,4,0,2026-06,2026-06-20/2026-06-26,752364050.0,90.55
603459,2026-05-11,3,5,2,2026-05,2026-05-09/2026-05-15,233661773.0,89.16
603500,2026-06-08,3,6,3,2026-06,2026-06-06/2026-06-12,750367515.0,13.45
603538,2026-03-26,3,3,0,2026-03,2026-03-21/2026-03-27,1013602017.0,35.62
603538,2026-03-27,4,4,0,2026-03,2026-03-21/2026-03-27,819590173.0,39.18
603538,2026-03-30,5,5,0,2026-03,2026-03-28/2026-04-03,383676558.0,43.1
603618,2026-05-08,3,4,1,2026-05,2026-05-02/2026-05-08,3538433903.0,37.62
603618,2026-06-17,3,3,0,2026-06,2026-06-13/2026-06-19,1575478558.0,51.73
603661,2026-05-25,3,3,0,2026-05,2026-05-23/2026-05-29,49014304.0,35.78
603687,2026-03-20,3,5,2,2026-03,2026-03-14/2026-03-20,62132519.0,13.39
603687,2026-03-23,4,6,2,2026-03,2026-03-21/2026-03-27,2404826692.0,14.73
603738,2026-05-11,3,5,2,2026-05,2026-05-09/2026-05-15,1343871876.0,51.71
603758,2026-08-11,3,6,3,2026-08,2026-08-08/2026-08-14,56683416.0,12.68
603758,2026-08-12,4,7,3,2026-08,2026-08-08/2026-08-14,36309868.0,13.95
603758,2026-08-13,5,5,0,2026-08,2026-08-08/2026-08-14,76897939.0,15.35
603773,2026-08-06,3,10,7,2026-08,2026-08-01/2026-08-07,1135934672.0,86.43
603773,2026-08-07,4,4,0,2026-08,2026-08-01/2026-08-07,2058335127.0,95.07
603777,2026-04-10,3,3,0,2026-04,2026-04-04/2026-04-10,666269733.0,16.97
603779,2026-05-15,3,6,3,2026-05,2026-05-09/2026-05-15,52505241.0,9.92
603779,2026-05-18,4,6,2,2026-05,2026-05-16/2026-05-22,36704785.0,10.91
603779,2026-05-19,5,7,2,2026-05,2026-05-16/2026-05-22,77833860.0,12.0
603779,2026-05-20,6,8,2,2026-05,2026-05-16/2026-05-22,67347852.0,13.2
603779,2026-05-21,7,7,0,2026-05,2026-05-16/2026-05-22,2038497862.0,14.52
603887,2026-08-13,3,5,2,2026-08,2026-08-08/2026-08-14,228054754.0,12.49
603890,2026-06-02,3,3,0,2026-06,2026-05-30/2026-06-05,114503849.0,30.02
603928,2026-06-30,3,3,0,2026-06,2026-06-27/2026-07-03,189331879.0,14.8
603929,2026-03-17,3,4,1,2026-03,2026-03-14/2026-03-20,1794775086.0,170.4
603937,2026-05-06,3,4,1,2026-05,2026-05-02/2026-05-08,170764202.0,16.78
603938,2026-05-20,3,8,5,2026-05,2026-05-16/2026-05-22,419833831.0,53.76
603938,2026-06-24,3,4,1,2026-06,2026-06-20/2026-06-26,3523391171.0,71.63
603950,2026-04-10,3,3,0,2026-04,2026-04-04/2026-04-10,320374138.0,49.37
603950,2026-04-13,4,4,0,2026-04,2026-04-11/2026-04-17,1482965110.0,54.31
603956,2026-06-29,3,3,0,2026-06,2026-06-27/2026-07-03,442320390.0,6.41
603958,2026-08-24,3,4,1,2026-08,2026-08-22/2026-08-28,965030058.0,22.61
603989,2026-06-18,3,4,1,2026-06,2026-06-13/2026-06-19,220419400.0,41.5
603989,2026-06-22,4,5,1,2026-06,2026-06-20/2026-06-26,1474790563.0,45.65
605006,2026-05-11,3,5,2,2026-05,2026-05-09/2026-05-15,289373736.0,16.36
605068,2026-07-29,3,7,4,2026-07,2026-07-25/2026-07-31,104826997.0,18.72
605068,2026-07-30,4,8,4,2026-07,2026-07-25/2026-07-31,122509989.0,20.59
605069,2026-06-24,3,4,1,2026-06,2026-06-20/2026-06-26,430779037.0,14.74
605162,2026-04-02,3,5,2,2026-04,2026-03-28/2026-04-03,642723622.0,14.05
605179,2026-07-30,3,8,5,2026-07,2026-07-25/2026-07-31,49035047.0,17.61
605179,2026-07-31,4,9,5,2026-07,2026-07-25/2026-07-31,397360277.0,19.37
605179,2026-08-03,5,5,0,2026-08,2026-08-01/2026-08-07,770646576.0,21.31
605179,2026-08-12,3,7,4,2026-08,2026-08-08/2026-08-14,828026168.0,30.39
605179,2026-08-13,4,5,1,2026-08,2026-08-08/2026-08-14,853829904.0,33.43
605189,2026-07-03,3,3,0,2026-07,2026-06-27/2026-07-03,355904535.0,16.05
605198,2026-06-16,3,4,1,2026-06,2026-06-13/2026-06-19,995186733.0,78.41
605268,2026-03-06,3,3,0,2026-03,2026-02-28/2026-03-06,78750408.0,13.94
605268,2026-03-09,4,4,0,2026-03,2026-03-07/2026-03-13,76535031.0,15.33
605268,2026-03-10,5,5,0,2026-03,2026-03-07/2026-03-13,73212914.0,16.86
605286,2026-08-12,3,7,4,2026-08,2026-08-08/2026-08-14,80025204.0,30.99
605286,2026-08-13,4,5,1,2026-08,2026-08-08/2026-08-14,77650203.0,34.09
605366,2026-06-25,3,5,2,2026-06,2026-06-20/2026-06-26,195459706.0,13.07
605366,2026-06-26,4,6,2,2026-06,2026-06-20/2026-06-26,2154987199.0,14.38
605388,2026-04-17,3,7,4,2026-04,2026-04-11/2026-04-17,408917247.0,8.87
