code,date,d1_date,month,prior_streak,market_height_prev,height_gap,ret5,ret10,ret20,event_ret,event_gap,range,vol_prev_ratio,vol_med10,amount,close_vwap,close_loc,touched_upper,d1_gap,d1_tradable,pool_mid,pool_wide,pool_ultra,pool_max,m30_entry,m30_ret_open,m30_ret_event,m30_close_loc,m30_close_vwap,m30_reclaim_event,h3_ret_open,h3_ret_confirm
000020,2026-03-23,2026-03-24,2026-03,5,5.0,0.0,0.31744040150564623,0.46853146853146854,,-0.09987141020145729,0.09987141020145751,0.19974282040291472,8.852491404038677,16.464827050136027,1003657218.75,0.9750424564462387,0.0,1.0,-0.030476190476190546,True,True,True,True,True,19.02,-0.0663064833005893,-0.09476190476190471,0.059880239520959,-0.016397078386708897,0.0,-0.14931237721021606,-0.08937960042060988
000032,2026-06-17,2026-06-18,2026-06,4,4.0,0.0,0.48465473145780047,0.45671267252195724,0.16100000000000003,0.014416775884665611,0.013979903888160727,0.08387942332896453,1.588281635832252,5.953872923298385,3648586873.75,1.021308829675773,0.739583333333333,0.0,0.0055986218776917784,True,True,True,True,True,25.19,0.07837259100642391,0.08440999138673555,0.8441558441558443,0.016344460142890815,1.0,-0.013276231263383398,-0.08535132989281469
000509,2026-05-29,2026-06-01,2026-05,4,4.0,0.0,0.3163265306122449,0.35433070866141736,0.4700854700854702,-0.09947643979057597,0.09947643979057585,0.19895287958115176,4.561334007139967,4.967942092595215,1578325603.5625,0.9177170874822235,0.0,1.0,-0.03488372093023251,True,True,True,True,True,5.06,0.016064257028112205,-0.019379844961240456,0.7083333333333324,0.015626817182811337,0.0,-0.01807228915662662,-0.03359683794466406
000533,2026-03-10,2026-03-11,2026-03,4,4.0,0.0,0.5796064400715564,,,0.07880268784361633,0.1001832620647527,0.07941356139279174,4.931984890084304,4.7737235752423315,4656041041.25,1.0042955482077605,0.7307692307692298,1.0,0.03001132502831272,True,True,True,True,True,17.97,-0.012094557449148002,0.017553793884484747,0.21212121212121102,-0.011221633624789895,1.0,-0.06761957119296313,-0.056204785754034425
000533,2026-07-29,2026-07-30,2026-07,4,6.0,2.0,0.5373891001267428,0.44749403341288785,0.27282266526757626,0.049307958477508684,-0.06747404844290672,0.16782006920415235,1.1534965716826446,8.436795031008652,2612630924.625,1.0298362316086376,0.6958762886597941,1.0,-0.05028854080791434,True,True,True,True,True,11.3,-0.0190972222222221,-0.06842539159109651,0.2929292929292938,-0.01588619319212925,0.0,-0.006076388888888951,0.01327433628318575
000539,2026-06-02,2026-06-03,2026-06,4,4.0,0.0,0.36881559220389826,0.29871977240398295,0.3981623277182236,-0.06550665301944714,-0.0092118730808598,0.09825997952917102,0.8746140781033934,3.4766379855476526,3809297434.875,0.9988382036449865,0.3541666666666681,0.0,-0.01533406352683464,True,True,True,True,True,8.67,-0.034482758620689724,-0.049288061336254185,0.39622641509433837,0.00017879827573108464,0.0,-0.0823136818687431,-0.04844290657439443
000566,2026-07-03,2026-07-06,2026-07,4,4.0,0.0,0.486682808716707,0.6286472148541113,0.5465994962216623,0.01655629139072845,0.0298013245033113,0.140728476821192,2.9030449755314467,3.684398778162818,2194105904.75,1.004010008464474,0.5058823529411763,0.0,-0.07328990228013021,True,True,True,True,True,5.98,0.05096660808435849,-0.026058631921824005,0.64406779661017,0.015629800643345737,0.0,-0.08435852372583486,-0.1287625418060201
000586,2026-04-10,2026-04-13,2026-04,5,5.0,0.0,0.31836734693877555,0.5277027027027026,0.42920353982300874,-0.09992038216560517,-0.0207006369426751,0.07961783439490445,0.4605872366334655,3.673849729238516,574931031.0,0.9698258033318783,0.0,0.0,-0.09995577178239712,True,True,True,True,True,20.35,0.0,-0.09995577178239712,0.5,-3.595393982536166e-08,0.0,0.07125307125307123,0.07125307125307123
000593,2026-08-06,2026-08-07,2026-08,4,4.0,0.0,0.47724317295188534,0.16214833759590785,0.022042285200179812,0.008880994671403242,0.0,0.06039076376554171,1.7289058911054105,2.4444495536766353,957788364.9375,1.0088153619020532,0.8014705882352944,0.0,-0.012323943661971759,True,False,False,True,True,23.22,0.034313725490195957,0.021566901408450745,0.7619047619047616,0.011347919604177026,1.0,0.023618538324420513,-0.010766580534022352
000720,2026-03-30,2026-03-31,2026-03,4,4.0,0.0,0.3191489361702129,0.2216748768472907,0.2883116883116883,-0.09981851179673318,-0.001814882032667886,0.15063520871143377,2.276832352166821,7.217687929509988,1605124323.5,0.940862298259229,0.0,0.0,-0.07258064516129037,True,True,True,True,True,5.46,0.18695652173913047,0.10080645161290325,1.0,0.09111912773620312,1.0,0.17391304347826098,-0.01098901098901095
000802,2026-08-14,2026-08-17,2026-08,4,5.0,1.0,0.3864168618266981,0.5257731958762888,0.6444444444444444,-0.054313099041533475,-0.009584664536741117,0.12460063897763583,2.3921022079319085,3.4188193791676103,1983445435.0625,0.9710383345833308,0.2692307692307691,0.0,-0.09966216216216217,True,True,True,True,True,5.33,0.0,-0.09966216216216217,0.5,-1.6004747860343116e-08,0.0,-0.18198874296435263,-0.18198874296435263
000815,2026-07-24,2026-07-27,2026-07,4,6.0,2.0,0.33580858085808596,0.15067519545131502,0.10890410958904129,-0.08737316798196149,-0.020856820744081017,0.06933483652762122,1.3393216863811628,4.819350499446365,2718983854.125,0.9770493774612422,0.0406504065040656,0.0,0.001235330450895633,True,False,True,True,True,16.02,-0.014188772362739077,-0.012970969734404036,0.40000000000000036,-0.0050624498291884645,0.0,-0.07464528069093157,-0.06367041198501866
000890,2026-03-18,2026-03-19,2026-03,4,4.0,0.0,0.4847161572052401,0.5332581736189403,,0.013412816691505292,0.0253353204172877,0.11102831594634875,1.24844708891454,1.2846639076216615,1588179904.5,1.029898335425009,0.7315436241610737,0.0,-0.014705882352941124,True,True,True,True,True,13.89,0.035820895522387985,0.020588235294117796,0.6666666666666676,0.003572354925889476,1.0,-0.018656716417910446,-0.05327573794096474
001257,2026-06-17,2026-06-18,2026-06,4,4.0,0.0,0.42695159180113396,0.2907297830374753,0.3193548387096774,-0.025029797377830842,0.042908224076281254,0.15017878426698458,3.9139919259943157,4.529809996464442,2913160243.25,0.97134754140511,0.16666666666666655,1.0,-0.02169926650366749,True,True,True,True,True,32.51,0.015620118712902142,-0.006418092909535433,0.5459459459459445,0.006499899386209984,0.0,-0.049359575132771005,-0.06398031374961544
001258,2026-07-24,2026-07-27,2026-07,6,6.0,0.0,0.5755743651753324,0.9505988023952097,0.8534850640113796,0.07597027250206434,0.07266721717588775,0.06771263418662266,1.9535572139067694,3.849395227564773,2713108799.03125,0.9898162181917969,0.6463414634146332,1.0,-0.0007674597083653367,True,True,True,True,True,14.33,0.10061443932411684,0.09976976208749044,1.0,0.038479236186955035,1.0,-0.10829493087557607,-0.1898115840893232
001259,2026-05-21,2026-05-22,2026-05,8,8.0,0.0,0.6000000000000001,1.4169184290030215,1.7681660899653981,0.09276046193964982,0.005836334285359568,0.10021110145287462,0.45454269587910423,2.1012344524455253,389580667.0,1.0150544765097391,0.9281288723667908,1.0,-0.09999999999999998,True,True,True,True,True,79.2,0.0,-0.09999999999999998,0.0,-0.005172492768651504,0.0,-0.07310606060606073,-0.07310606060606073
001267,2026-08-10,2026-08-11,2026-08,4,4.0,0.0,0.4740994854202403,0.2601173020527858,0.04093992248062017,0.006558913094401486,0.05856172405715632,0.08104942609510427,0.9025976097385747,1.9008008832497985,2794581907.25,1.0006527093535058,0.3294797687861272,0.0,-0.010472422620432797,True,False,False,True,True,39.86,-0.06185324553151461,-0.07167791482429597,0.08605341246290782,-0.016700946465814326,0.0,-0.02187206020696142,0.04340190667335686
002081,2026-04-24,2026-04-27,2026-04,5,5.0,0.0,0.31805929919137466,0.4597014925373133,0.4773413897280965,-0.09944751381215466,0.0036832412523020164,0.10497237569060779,1.462282220578436,12.139366947981276,2432496844.75,0.9720132552948915,0.0,0.0,-0.0756646216768917,True,True,True,True,True,4.62,0.02212389380530988,-0.05521472392638027,0.879999999999999,0.031253541051045275,0.0,0.18584070796460206,0.1601731601731602
002081,2026-05-08,2026-05-11,2026-05,5,5.0,0.0,0.3963039014373715,0.5144766146993318,1.0543806646525677,-0.04761904761904756,-0.09943977591036413,0.10504201680672269,1.303150646631481,1.6226266177268236,3910540007.0,1.001759220002272,0.49333333333333346,0.0,0.02499999999999991,True,True,True,True,True,7.48,0.07317073170731714,0.10000000000000009,1.0,0.03572308273011271,1.0,0.1305595408895266,0.053475935828877
002081,2026-08-18,2026-08-19,2026-08,4,4.0,0.0,0.5793450881612088,0.5994897959183674,0.7416666666666665,0.07731958762886593,0.013745704467353903,0.11512027491408933,1.5301734041664274,7.388130496385822,4570048150.75,1.013724571002541,0.8059701492537301,1.0,-0.1004784688995215,True,True,True,True,True,5.71,0.014184397163120588,-0.08771929824561397,0.22857142857142843,-0.004325063809775043,0.0,-0.08687943262411335,-0.09807355516637473
002167,2026-06-25,2026-06-26,2026-06,4,4.0,0.0,0.5532060027285128,0.6488052136133236,0.736842105263158,0.0610438024231128,-0.0018639328984155767,0.07688723205964579,0.7357174020872352,2.485305729260941,4886693685.0,1.0332543293022058,0.8242424242424246,0.0,-0.04347826086956519,True,True,True,True,True,20.84,-0.0440771349862259,-0.08563899868247693,0.02758620689655115,-0.030083894541516387,0.0,0.0133149678604223,0.059021113243761913
002172,2026-08-18,2026-08-19,2026-08,4,4.0,0.0,0.3167155425219941,0.3606060606060608,0.5016722408026755,-0.1002004008016032,-0.06012024048096187,0.09819639278557118,0.896027965180761,10.02966090153888,858458204.5,0.9630015190797795,0.0,0.0,0.00222717149220486,True,True,True,True,True,4.34,-0.03111111111111109,-0.028953229398663627,0.12500000000000092,-0.0500984584854024,0.0,-0.10222222222222221,-0.06912442396313356
002192,2026-03-30,2026-03-31,2026-03,4,4.0,0.0,0.538952506100995,0.4154005524861879,0.4028062970568105,0.05102564102564111,0.06858974358974357,0.056538461538461496,1.4966181808685661,4.1257873983540305,5178648015.0,0.9979633999125929,0.4421768707483003,0.0,0.003171505245181727,True,True,True,True,True,79.3,-0.03574902723735407,-0.03269090021956578,0.07894736842105195,-0.011962947640308141,0.0,-0.12062256809338523,-0.08802017654476679
002297,2026-04-21,2026-04-22,2026-04,6,6.0,0.0,0.42889390519187365,0.7698042870456661,0.8672566371681414,-0.024152106885919955,0.06320657759506676,0.10842754367934221,2.715514868000657,14.417092988263617,4572195714.25,0.9749992315740686,0.09004739336492786,0.0,0.005792522380200227,True,True,True,True,True,20.2,0.0570680628272251,0.06319115323854674,0.6123595505617985,0.0071776232841096466,1.0,0.16753926701570676,0.10396039603960405
002309,2026-03-26,2026-03-27,2026-03,4,8.0,4.0,0.36994219653179194,0.32773109243697496,,-0.0650887573964497,-0.05128205128205143,0.13017751479289943,0.8197164442446423,4.922821679489821,4451582098.25,0.9578595126070468,0.1515151515151523,0.0,-0.044303797468354444,True,False,True,True,True,4.37,-0.039735099337748436,-0.08227848101265833,0.2222222222222222,0.004894384199838786,0.0,0.09050772626931569,0.1304347826086958
002329,2026-08-14,2026-08-17,2026-08,4,5.0,1.0,0.3555555555555554,0.41860465116279055,0.32198142414860675,-0.07575757575757591,-0.09956709956709953,0.11904761904761901,1.5270566124122091,3.2013671152568843,1026690811.0,1.004295354504736,0.19999999999999904,0.0,-0.051522248243559665,True,True,True,True,True,4.27,0.05432098765432092,0.0,0.7142857142857132,0.019234863101878386,1.0,-0.059259259259259234,-0.10772833723653386
002354,2026-06-11,2026-06-12,2026-06,4,4.0,0.0,0.31900826446281005,0.1192145862552596,0.26265822784810133,-0.10033821871476878,-0.013528748590755257,0.09582863585118373,0.4664038663722064,0.6924885477329282,1326292260.0,0.9649376284530229,0.0,0.0,-0.07017543859649134,True,False,False,True,True,7.86,0.05929919137466322,-0.015037593984962405,0.9824561403508776,0.04239623201052978,0.0,-0.021563342318059342,-0.07633587786259544
002361,2026-04-01,2026-04-02,2026-04,4,4.0,0.0,0.5084294587400178,0.37429264349232017,0.36986301369863006,0.030303030303030276,0.030303030303030276,0.12121212121212122,2.136475691909817,5.313225867312768,7017316857.0,0.9926524541999885,0.5,0.0,0.00588235294117645,True,True,True,True,True,17.76,0.040935672514619936,0.04705882352941182,0.7368421052631582,0.022930432079625973,1.0,-0.10818713450292405,-0.1413288288288289
002364,2026-04-15,2026-04-16,2026-04,4,4.0,0.0,0.4950051670685496,0.6679477325134511,0.4299835255354201,0.021416803953871355,0.0,0.05295363614968228,1.7922769671249432,5.882862024305931,6674115736.5,1.0087015127985262,0.6622222222222232,0.0,0.01382488479262678,True,True,True,True,True,42.87,-0.026363636363636256,-0.012903225806451535,0.5433070866141744,0.008859916052325945,0.0,-0.006818181818181723,0.019360858409144033
002412,2026-08-26,2026-08-27,2026-08,5,5.0,0.0,0.5546318289786223,0.7931506849315069,0.8943560057887119,0.06163828061638288,0.09083536090835365,0.12652068126520685,1.7448664037056347,6.5729494124658645,2431762690.125,0.9943939467529624,0.6987179487179485,1.0,0.010695187165775444,True,True,True,True,True,13.94,0.052910052910052796,0.06417112299465244,0.7058823529411756,0.01235924755152018,1.0,-0.10657596371882083,-0.152080344332855
002421,2026-05-21,2026-05-22,2026-05,4,8.0,4.0,0.3561643835616439,0.306930693069307,0.3655172413793104,-0.07259953161592503,0.025761124121779888,0.20140515222482444,1.7683789585006469,12.83925665530951,3931646235.75,0.9323662852745768,0.13953488372093031,1.0,-0.025252525252525304,True,False,True,True,True,4.24,0.09844559585492241,0.07070707070707072,0.8281250000000008,0.029680643680646046,1.0,0.20466321243523322,0.09669811320754729
002428,2026-08-10,2026-08-11,2026-08,4,4.0,0.0,0.5008046817849305,0.29782388663967607,0.1368724371051755,0.024980015987210225,0.045163868904876114,0.07114308553157464,1.1337818095562986,2.0890223891833872,13791123088.0,1.0061460312883257,0.5477528089887636,0.0,-0.0454279586664067,True,False,True,True,True,99.11,0.011948529411764719,-0.03402222655488396,0.7156250000000013,0.008658517742931027,0.0,0.023386437908496704,0.011098779134295134
002445,2026-03-16,2026-03-17,2026-03,4,4.0,0.0,0.3202614379084967,,,-0.10022271714922049,0.05122494432071267,0.16258351893095757,6.38768590569934,62.78096280274598,3226958446.625,0.9193781255853793,0.0,0.0,-0.05940594059405946,True,True,True,True,True,3.86,0.013157894736842257,-0.04702970297029707,0.6896551724137936,0.01731399867988226,0.0,0.07894736842105265,0.06217616580310881
002491,2026-05-13,2026-05-14,2026-05,4,5.0,1.0,0.5787932044522555,0.7220447284345046,0.8471555860178204,0.07800000000000007,0.00039999999999995595,0.09759999999999991,2.227253445370536,2.0976485130302986,7519035770.5,1.0218650162757594,0.7950819672131145,0.0,-0.029313543599257863,True,True,True,True,True,24.67,-0.05695718654434245,-0.08460111317254171,0.14427860696517536,-0.010400056930211954,0.0,-0.09441896024464824,-0.03972436157276049
002552,2026-05-13,2026-05-14,2026-05,4,5.0,1.0,0.523413566739606,0.6655502392344499,0.8897937024972855,0.04034668260609697,-0.004781829049611552,0.10191273161984449,1.0116073294266235,3.774726412099968,1924841958.0,0.9893289826135431,0.4486803519061591,0.0,-0.018672795173800827,True,True,True,True,True,34.22,0.0023419203747074846,-0.01637460499856369,0.5362318840579715,0.0016975345657146423,0.0,0.03454332552693229,0.03272939801285801
002552,2026-08-11,2026-08-12,2026-08,5,5.0,0.0,0.5271252796420582,0.49411764705882355,-0.06168384879725086,0.042971734148204765,0.012414056531703466,0.08766233766233773,2.328392030572734,3.4163250828899683,3050694400.0,0.9914005706372949,0.3485838779956428,1.0,0.00036623329060625487,True,True,True,True,True,54.4,-0.0025626944902068516,-0.002197399743636641,0.30000000000000154,-0.007357771717815043,0.0,0.1101958630788944,0.11488970588235303
002580,2026-04-20,2026-04-21,2026-04,7,7.0,0.0,0.5804597701149425,1.1470396877033182,1.3537803138373752,0.07913669064748197,0.09810333551340755,0.04708960104643551,1.2755613004270552,0.996714330100556,3503538242.21875,0.988049811555008,0.5555555555555545,1.0,-0.09393939393939399,True,False,True,True,True,29.7,-0.006688963210702337,-0.09999999999999998,0.0,-0.009257873943264383,0.0,-0.09799331103678932,-0.09191919191919196
002674,2026-06-29,2026-06-30,2026-06,6,6.0,0.0,0.6099542915185372,0.98125,1.0965608465608465,0.0995490808185917,0.04023586541796731,0.15192507804370456,8.27573797920512,6.4583825571514435,1853260878.0,1.0660186018344255,0.9977168949771686,1.0,-0.09999999999999998,True,True,True,True,True,28.53,0.0,-0.09999999999999998,0.0,-3.1621019343175405e-05,0.0,-0.009814230634419996,-0.009814230634419996
002827,2026-08-05,2026-08-06,2026-08,5,5.0,0.0,0.565582371458552,0.8751571009635524,0.9545851528384279,0.06902316694530697,0.028421304036303052,0.11464055409601158,0.7786618271797343,8.948849632255467,2014173345.5,1.0125956221974042,0.7291666666666661,1.0,0.09182305630026799,True,True,True,True,True,49.24,0.0075711070186208485,0.1000893655049151,1.0,0.009451823087897049,1.0,0.21915285451197053,0.20999187652315188
002879,2026-07-28,2026-07-29,2026-07,5,5.0,0.0,0.3938053097345131,0.4870180959874113,0.4394516374714392,-0.048338368580060465,0.0,0.15055387713997978,1.0247284129056322,8.985818079606142,999562214.1875,0.9973757269429875,0.34448160535116995,0.0,-0.05449735449735438,True,True,True,True,True,17.47,-0.02518186905428088,-0.0783068783068781,0.3280000000000001,-0.008319454160830797,0.0,-0.09065472859541135,-0.06983400114481964
002918,2026-05-18,2026-05-19,2026-05,6,6.0,0.0,0.3173605655930871,0.5013428827215756,0.4544666088464875,-0.0998389694041868,-0.05797101449275355,0.06441223832528177,0.4218404547647515,2.2217140331980003,344445110.0,0.9791150990646957,0.0,0.0,-0.029218843172331477,True,True,True,True,True,16.82,0.032555282555282394,0.0023852116875371365,0.42325581395348755,-0.008671004543414074,1.0,-0.13943488943488946,-0.16706302021403097
002963,2026-08-07,2026-08-10,2026-08,5,10.0,5.0,0.399394856278366,0.4079147640791476,-0.04884318766066831,-0.043927648578811485,0.0677002583979327,0.16899224806201546,1.399842724936107,3.688802333167044,362061004.25,0.9823428809649278,0.20183486238532117,0.0,-0.00108108108108107,True,False,False,True,True,17.95,-0.02867965367965375,-0.02972972972972976,0.22429906542055922,-0.005039468573132533,0.0,0.03354978354978355,0.06406685236768817
002971,2026-06-15,2026-06-16,2026-06,4,4.0,0.0,0.4327529649255615,0.6419895893580105,0.39748953974895396,-0.02154058245734969,-0.03911769774254703,0.13217301395829745,0.7619367447303143,2.2342839884368124,2411831128.25,1.036246345246166,0.5932203389830513,0.0,0.001408946812257783,True,True,True,True,True,60.07,0.05645444952514955,0.05794293765410363,0.5794223826714804,0.010616396306618814,1.0,0.18501582835033403,0.12169136007990677
002990,2026-04-20,2026-04-21,2026-04,4,7.0,3.0,0.40804597701149437,0.6102530397633914,0.6838487972508591,-0.03827281648675174,0.060058881256133345,0.11108930323846901,2.3478695294979683,2.890579190158893,2158115782.5,0.96033939272672,0.10777385159010597,0.0,-0.002448979591836653,True,True,True,True,True,44.83,-0.08203764320785611,-0.0842857142857143,0.05922551252847334,-0.029161109977975053,0.0,0.00634206219312583,0.09725630158376086
003018,2026-04-23,2026-04-24,2026-04,4,4.0,0.0,0.5363253856942498,0.7387301587301589,1.1352826510721248,0.04923371647509578,0.05363984674329503,0.10344827586206894,1.331688933539258,1.6674541807610828,1435887796.375,1.0162803101217353,0.5092592592592594,1.0,-0.06390359685959468,True,True,True,True,True,55.6,0.0862102594109615,0.016797516888807706,0.9344608879492595,0.020736795373654804,1.0,0.07684805929393401,-0.007014388489208656
003040,2026-08-28,2026-08-31,2026-08,5,6.0,1.0,0.44644253322908534,0.575809199318569,0.6621743036837375,-0.012279765082754968,0.017084890549919907,0.10197544046983449,1.3681486220565806,4.210519999091761,2444580901.125,0.9823383013811772,0.36649214659685825,0.0,-0.020000000000000018,True,True,True,True,True,16.65,-0.08163265306122447,-0.10000000000000009,0.0,-0.029021792696813042,0.0,,
600127,2026-08-21,2026-08-24,2026-08,4,4.0,0.0,0.39693356047700146,0.29746835443037956,0.5045871559633026,-0.04651162790697683,0.0918604651162791,0.1686046511627906,0.9770357881164313,7.347782307048565,2334481766.0,0.9560614319229598,0.1379310344827582,0.0,0.018292682926829285,True,True,True,True,True,8.19,-0.02035928143712573,-0.0024390243902439046,0.5466666666666669,0.0010243387859025788,0.0,0.1736526946107786,0.19658119658119677
600162,2026-06-01,2026-06-02,2026-06,5,5.0,0.0,0.5287958115183247,0.6043956043956042,0.6222222222222222,0.04659498207885293,-0.014336917562724039,0.19713261648745528,4.382397730626873,10.502791990451309,1418597753.0,1.0360257098193781,0.7454545454545454,0.0,-0.003424657534246478,True,True,True,True,True,3.21,0.1030927835051545,0.09931506849315075,1.0,0.027766746471921122,1.0,0.1752577319587627,0.06542056074766345
600272,2026-08-13,2026-08-14,2026-08,5,7.0,2.0,0.3570822731128076,0.5533980582524272,0.3805004314063849,-0.07353792704111173,-0.09901563404748115,0.07817023740590628,0.8308150012600907,11.746697293966049,843876037.0,0.993827485588384,0.340740740740741,0.0,-0.026874999999999982,True,True,True,True,True,17.6,0.13037893384714194,0.10000000000000009,1.0,0.04232562809371676,1.0,0.3442517662170841,0.18920454545454524
600353,2026-06-23,2026-06-24,2026-06,5,5.0,0.0,0.5462610899873257,0.9877800407331974,1.05994090333474,0.05604847435619997,0.0547500541008441,0.09045661112313351,22.274168644382808,3.0866578372043953,7467104783.0,1.0181973523807184,0.7129186602870806,0.0,0.00143442622950829,True,True,True,True,True,50.8,0.03969715571925536,0.04118852459016398,0.48379052369077363,0.0012828780097917658,1.0,-0.018211581747493377,-0.055511811023622015
600379,2026-05-07,2026-05-08,2026-05,4,4.0,0.0,0.41666666666666674,0.49874055415617136,0.5824468085106385,-0.03304442036836397,0.10021668472372691,0.1722643553629469,4.1038452502153655,4.83880925160496,2041817403.0,0.9620296933084765,0.22641509433962342,1.0,-0.014005602240896309,True,True,True,True,True,16.82,-0.042613636363636354,-0.05602240896358546,0.17582417582417595,-0.015308023144837812,0.0,-0.023295454545454564,0.0219976218787159
600396,2026-03-26,2026-03-27,2026-03,8,8.0,0.0,0.5606326889279438,1.1449275362318843,,0.06474820143884896,0.07434052757793785,0.09232613908872897,3.454663580704192,1.9575951406347851,3090449612.0,0.9915919353937683,0.6233766233766243,1.0,0.0394144144144144,True,True,True,True,True,9.36,0.014084507042253502,0.054054054054053946,0.8673469387755095,0.017985424099585368,1.0,-0.09534127843987006,-0.10790598290598286
600397,2026-06-24,2026-06-25,2026-06,5,5.0,0.0,0.5284601557819053,0.8130774697938878,0.8286738351254483,0.043780687397708684,0.01595744680851041,0.1665302782324059,1.1645202970686381,2.777231672442194,5185322103.0,1.0198033238746327,0.665847665847666,0.0,0.004704037632300873,True,True,True,True,True,24.91,-0.028482247366367508,-0.023912191297530527,0.29629629629629484,-0.0020976101260257174,0.0,0.07296137339055808,0.10397430750702519
600403,2026-06-09,2026-06-10,2026-06,6,6.0,0.0,0.31699346405228757,0.5834970530451868,0.4367201426024956,-0.09944134078212274,-0.09944134078212274,0.05810055865921784,0.8103263659563259,6.783942541007473,1425804292.0,0.9877817396835273,0.0,0.0,-0.032258064516129115,True,True,True,True,True,8.45,0.0807692307692307,0.0459057071960296,0.8875000000000002,0.04184971627042677,1.0,-0.07051282051282048,-0.14201183431952658
600488,2026-04-08,2026-04-09,2026-04,7,7.0,0.0,0.4045801526717556,0.8920308483290489,0.7565632458233889,-0.04041720990873532,0.08996088657105594,0.1707953063885267,1.5958825927666955,7.418424031873098,2192139119.0,0.9449203793894798,0.17557251908396984,1.0,-0.028532608695652217,True,True,True,True,True,7.15,0.0,-0.028532608695652217,0.31325301204819356,-0.02396311870255141,0.0,-0.17342657342657342,-0.17342657342657342
600500,2026-06-15,2026-06-16,2026-06,4,4.0,0.0,0.5231053604436229,0.44561403508771935,0.3226324237560192,0.0390920554854981,-0.010088272383354413,0.15636822194199246,0.9331259004086583,5.608199574148062,4348808976.0,1.0215733403140401,0.7983870967741936,0.0,0.09223300970873782,True,True,True,True,True,9.06,0.006666666666666821,0.09951456310679618,1.0,0.0011729920231453583,1.0,-0.018888888888888844,-0.025386313465783683
600530,2026-05-14,2026-05-15,2026-05,4,6.0,2.0,0.46025878003696863,0.5459882583170255,0.49905123339658464,-0.003783102143757766,-0.09457755359394704,0.1513240857503154,5.1600966702470465,5.713703309700482,688277921.0,0.9925291646831716,0.6,0.0,-0.03924050632911402,True,True,True,True,True,7.47,-0.01449275362318836,-0.05316455696202527,0.04878048780487813,-0.038919474769385176,0.0,-0.09354413702239794,-0.0789825970548862
600578,2026-05-19,2026-05-20,2026-05,4,6.0,2.0,0.5722433460076046,0.694672131147541,0.5545112781954886,0.07263294422827493,0.0,0.19455252918287938,2.161587919356018,6.739904542737171,4150404172.0,1.0367366308632364,0.8599999999999994,1.0,-0.030229746070133068,True,True,True,True,True,7.52,-0.05860349127182041,-0.08706166868198306,0.1692307692307685,-0.020237789416361562,0.0,0.02493765586034935,0.09308510638297895
600613,2026-08-19,2026-08-20,2026-08,4,4.0,0.0,0.4679245283018869,0.5748987854251011,0.6413502109704641,0.002577319587628857,0.055412371134020644,0.14948453608247414,2.2480471343217525,13.70085217933697,1322600703.0,0.9561336094345022,0.3448275862068971,1.0,0.10025706940874035,True,True,True,True,True,8.56,0.0,0.10025706940874035,1.0,4.3314542413908086e-05,1.0,0.15654205607476634,0.15654205607476634
600664,2026-07-17,2026-07-20,2026-07,5,5.0,0.0,0.5816023738872402,0.697452229299363,0.7305194805194806,0.07894736842105265,0.024291497975708287,0.15182186234817813,2.945029558265246,11.072663463700598,4522777445.0,1.0300447293665145,0.8666666666666671,1.0,-0.09943714821763605,True,True,True,True,True,5.26,0.09583333333333344,-0.013133208255159512,0.647887323943662,0.05184060724357664,0.0,0.24583333333333357,0.1368821292775666
600683,2026-08-14,2026-08-17,2026-08,4,5.0,1.0,0.318233295583239,0.5417218543046358,0.39068100358422964,-0.09976798143851506,0.09976798143851506,0.19953596287703018,50.26170009551098,5.492489541022675,1161751155.0,0.9490655922782363,0.0,1.0,-0.04467353951890041,True,True,True,True,True,11.03,-0.007194244604316502,-0.05154639175257747,0.25454545454545285,-0.010987146435927797,0.0,-0.1294964028776978,-0.12239347234814135
600721,2026-08-13,2026-08-14,2026-08,7,7.0,0.0,0.5135699373695197,1.1167883211678835,0.7448856799037304,0.03349964362081259,-0.03064861012116893,0.14896650035637918,1.3971029423760768,6.383970649902413,2571709374.0,1.0429192843934472,0.7177033492822967,0.0,-0.061379310344827576,True,True,True,True,True,14.13,0.038207200587803136,-0.02551724137931033,0.5909090909090919,0.010191609679075064,0.0,-0.008082292432035176,-0.0445859872611466
600744,2026-07-23,2026-07-24,2026-07,4,5.0,1.0,0.4538745387453875,0.43533697632058277,0.2030534351145039,-0.007556675062972307,-0.026448362720402963,0.1574307304785893,1.0489646011108231,7.209101293624261,3290832646.0,0.9679234499729706,0.35199999999999987,0.0,-0.043147208121827374,True,True,True,True,True,7.89,0.04509283819628651,0.0,0.6896551724137926,0.02490696953034255,1.0,-0.023872679045092826,-0.06717363751584271
600793,2026-07-08,2026-07-09,2026-07,5,5.0,0.0,0.3915343915343914,0.4496062992125984,0.3556701030927836,-0.0495611770779556,-0.019101703665462155,0.09034589571502323,1.7509303137331464,4.482955535190894,546335537.0,0.997296791257421,0.43428571428571516,0.0,-0.049429657794676785,True,True,True,True,True,17.12,-0.020571428571428574,-0.06898424769147204,0.15267175572519046,-0.02107755889846452,0.0,-0.15428571428571425,-0.13551401869158874
600961,2026-04-22,2026-04-23,2026-04,4,4.0,0.0,0.5989041095890411,0.6032967032967034,0.744172145845786,0.09165731387953602,0.038907594463150064,0.0707070707070706,16.69122274241849,12.590466130679486,5696238326.0,1.0136044995951596,0.883597883597884,1.0,-0.020562028786840325,True,True,True,True,True,29.15,0.017844646606018255,-0.0030843043180260876,0.3722627737226286,-0.00577606305619871,0.0,0.01679496151154658,-0.003087478559176682
601700,2026-08-07,2026-08-10,2026-08,4,10.0,6.0,0.31697341513292443,0.3251028806584362,0.440715883668904,-0.1005586592178771,-0.04050279329608941,0.06983240223463687,0.5443112617575533,2.6661020330880705,643757033.0,0.9825106796153635,0.0,0.0,-0.021739130434782705,True,False,False,False,True,7.08,0.12380952380952381,0.0993788819875776,1.0,0.03508492935572116,1.0,0.2047619047619047,0.07203389830508478
601789,2026-03-12,2026-03-13,2026-03,4,4.0,0.0,0.4989979959919839,,,0.024657534246575352,0.0,0.13972602739726023,1.012856384028283,12.033157385900214,3955029732.0,1.0086727813251242,0.49019607843137275,0.0,-0.017379679144385096,True,True,True,True,True,7.04,-0.04217687074829923,-0.05882352941176472,0.3235294117647057,-0.021606024431675808,0.0,-0.16870748299319716,-0.1321022727272727
601991,2026-05-14,2026-05-15,2026-05,6,6.0,0.0,0.4285714285714286,0.7777777777777779,0.8798955613577024,-0.023066485753052923,0.10040705563093621,0.12347354138398904,7.621338271366041,6.105585312778782,14517109857.0,0.9207470994755041,0.0,1.0,-0.029166666666666674,True,True,True,True,True,7.03,0.005722460658083017,-0.023611111111111138,0.42857142857142877,0.010438019631376472,0.0,0.19885550786838357,0.19203413940256042
603011,2026-06-02,2026-06-03,2026-06,4,4.0,0.0,0.5486111111111112,0.3937499999999998,0.40864917395529643,0.05764319591389988,0.029916089018606318,0.17365924844947092,4.240620605443318,6.1369256119442985,3976650563.0,1.068393961876001,0.9075630252100837,0.0,-0.051397033459813724,True,True,True,True,True,29.83,0.0850909090909091,0.029320455329423956,0.9814126394052042,0.03168621132029825,1.0,0.1890909090909092,0.09621186724773723
603045,2026-05-12,2026-05-13,2026-05,5,5.0,0.0,0.5769065981148243,1.0272652161938858,1.3264854614412136,0.0769568397951721,0.10007315288953911,0.07885881492318948,60.729545872403015,4.700521555987221,2394514764.0,1.015402880180362,0.7068645640074215,1.0,-0.019562559434859406,True,True,True,True,True,75.76,0.04988222253013719,0.02934383915228911,1.0,0.020309617636886212,1.0,-0.031037827352085268,-0.07695353748680045
603082,2026-05-20,2026-05-21,2026-05,4,7.0,3.0,0.3178826895565092,0.3479660520924788,0.22957821676454881,-0.10003907776475185,-0.10003907776475185,0.10238374364986313,4.422391413847882,12.456006329631954,1083661323.0,0.970261305524143,0.0,0.0,-0.04472427268779855,True,True,True,True,True,42.07,-0.04386363636363633,-0.08662613981762923,0.025252525252523857,-0.01655572653457449,0.0,-0.07090909090909081,-0.028286189683860208
603095,2026-05-06,2026-05-07,2026-05,4,4.0,0.0,0.3960739030023095,0.32493150684931504,0.3817142857142857,-0.046905794245171495,0.09459992116673233,0.16081986598344494,7.876821227267893,6.897135340883959,730470764.0,0.9806880292884658,0.12009803921568594,0.0,-0.007444168734491274,True,True,True,True,True,26.6,0.10833333333333339,0.10008271298593896,1.0,0.04834125200998973,1.0,0.04916666666666658,-0.053383458646616644
603135,2026-06-09,2026-06-10,2026-06,4,6.0,2.0,0.49905123339658464,0.4429223744292239,0.2876935615321925,0.023979261179520428,-0.01166558651976668,0.12184057031756312,1.0562171521910915,12.865584625322997,1221080766.0,1.0307970570392229,0.7978723404255323,0.0,-0.05886075949367098,True,True,True,True,True,14.37,-0.03698722259583043,-0.09367088607594942,0.10638297872340394,-0.013253778221826606,0.0,-0.19166106254203097,-0.16353514265831592
603137,2026-07-10,2026-07-13,2026-07,7,7.0,0.0,0.5534262485481998,1.0672333848531688,1.076863354037267,0.06150793650793651,0.10000000000000009,0.04682539682539682,2.931727455213423,58.2003007518797,1067006677.0,0.9702943967613054,0.17796610169491603,1.0,-0.04560747663551401,True,False,True,True,True,29.43,0.15276145710928324,0.10018691588785056,1.0,0.06756642872302998,1.0,0.3948296122209165,0.20998980632008157
603221,2026-08-07,2026-08-10,2026-08,10,10.0,0.0,0.4651711924439197,1.3593155893536122,1.0700583819849876,0.0012101653892699904,-0.04881000403388469,0.09762000806776934,2.1049550112471884,37.855601753005956,803030369.0,1.0412168035951328,0.9256198347107439,0.0,0.04472199838839641,True,True,True,True,True,25.31,-0.02313922097956045,0.020547945205479312,0.2994011976047901,-0.014841526760700052,1.0,0.15696104897801777,0.18530225207427908
603316,2026-05-22,2026-05-25,2026-05,4,7.0,3.0,0.445459430413756,0.4046997389033944,0.7166560306317804,-0.012844036697247763,-0.02752293577981646,0.12660550458715594,0.9510193652369183,2.7643531123628606,2022294796.0,1.0297713093655214,0.6869565217391298,0.0,-0.04052044609665428,True,True,True,True,True,25.5,-0.012010848508330008,-0.052044609665427455,0.22619047619047564,-0.013875728766058248,0.0,-0.19178612940720652,-0.18196078431372553
603318,2026-04-29,2026-04-30,2026-04,5,5.0,0.0,0.5462274176408077,0.9246031746031749,0.8487928843710293,0.05587808417997109,-0.010159651669085501,0.15239477503628457,1.0860640925780105,3.8467104088443365,2121320766.0,1.0491282038390228,0.8380952380952382,0.0,0.008934707903780037,True,True,True,True,True,14.34,-0.021798365122615793,-0.013058419243986319,0.3333333333333328,-0.010136419310282307,0.0,-0.1110354223433242,-0.08995815899581583
603330,2026-06-05,2026-06-08,2026-06,4,4.0,0.0,0.3411214953271027,0.24063400576368865,0.1958333333333333,-0.08501594048884176,0.07863974495217851,0.1923485653560043,1.6380270654235694,7.8815500040336675,1393483221.0,0.9054702611306146,0.038674033149171415,1.0,-0.09988385598141691,True,True,True,True,True,8.08,0.04516129032258065,-0.059233449477351874,0.7608695652173891,0.025159471954947055,0.0,0.16129032258064524,0.11386138613861396
603330,2026-08-18,2026-08-19,2026-08,4,4.0,0.0,0.39352428393524286,0.5760563380281689,0.8284313725490196,-0.04765957446808511,0.10042553191489367,0.19999999999999998,13.71901746338255,8.717713501870051,1894324204.0,0.9610600361626377,0.2595744680851062,1.0,-0.10008936550491498,True,True,True,True,True,10.07,0.0,-0.10008936550491498,0.0,-0.003676305438866434,0.0,-0.009930486593843102,-0.009930486593843102
603399,2026-05-07,2026-05-08,2026-05,4,4.0,0.0,0.5497597803706245,0.7779527559055117,1.0715596330275226,0.05860290670417245,0.09470229723394286,0.11533052039381159,21.69098431485506,2.7398556572819643,3731408242.0,1.0025330838619078,0.6422764227642267,1.0,0.01727192205491579,True,True,True,True,True,23.69,0.031780583369612536,0.049601417183348095,0.41237113402061865,-0.013129680770652574,1.0,0.04832390074009574,0.016462642465175037
603407,2026-06-25,2026-06-26,2026-06,4,4.0,0.0,0.4853678253839935,0.8950082508250827,0.5626807280149686,0.014577581446714616,0.04660408614025391,0.11827719491993367,2.0914033730822954,3.6678948860185447,1703540189.0,0.9770401512963661,0.27731092436974797,1.0,0.0019592903015128726,True,True,True,True,True,91.64,-0.003041825095057016,-0.001088494611951818,0.4775862068965513,-0.0032084875091846765,1.0,0.1517653449212384,0.15691837625491045
603538,2026-03-31,2026-04-01,2026-03,5,5.0,0.0,0.38926630434782594,0.5515933232169954,0.9541328236980411,-0.051044083526682216,0.020185614849187905,0.1153132250580046,9.638682730202216,3.034110549140609,3510838023.0,1.0000633686312335,0.37826961770623657,0.0,0.0,True,True,True,True,True,37.88,-0.07114914425427865,-0.07114914425427865,0.24032586558044816,-0.03205954513327591,0.0,-0.022004889975550057,0.05596620908130934
603687,2026-03-24,2026-03-25,2026-03,4,6.0,2.0,0.4676616915422884,0.45034414945919377,,0.0013577732518668117,0.018329938900203624,0.12695179904955867,0.8825456784759538,10.018478386402082,2146808316.0,1.0132237861146798,0.6363636363636364,0.0,0.01627118644067793,True,True,True,True,True,14.61,-0.02201467645096733,-0.006101694915254252,0.6304347826086958,0.009159361195848925,0.0,0.04269513008672443,0.06981519507186862
603758,2026-08-14,2026-08-17,2026-08,5,5.0,0.0,0.3187022900763359,0.4956709956709957,0.5220264317180616,-0.09967426710097715,-0.0228013029315961,0.0768729641693811,2.668616256786969,3.4598084886128366,190066684.0,0.9720558601422226,0.0,0.0,-0.06005788712011573,True,False,True,True,True,13.68,0.053117782909930744,-0.01013024602026058,0.821428571428571,0.026966399611652925,0.0,-0.11008468052347953,-0.1549707602339181
603773,2026-08-10,2026-08-11,2026-08,4,4.0,0.0,0.47259008315368023,0.11197674418604642,-0.1147829306674073,0.005890396549910637,0.039444619753865595,0.09613968654675503,1.5804983897124323,2.235186949850602,3281752975.0,1.008179836265708,0.5875273522975919,0.0,0.00041827878280886743,True,False,False,False,False,93.98,-0.017769415699801394,-0.01735856948656278,0.21485943775100308,-0.009859559288599606,0.0,-0.0195463572697816,-0.0019153011278996157
603779,2026-05-22,2026-05-25,2026-05,7,7.0,0.0,0.31754032258064524,0.856534090909091,1.111470113085622,-0.09986225895316803,-0.09986225895316803,0.04269972451790628,0.5983450863658936,14.382338209201043,1113538422.0,0.994218846092048,0.0,0.0,0.01377199693955622,True,False,True,True,True,13.66,0.02566037735849047,0.03978576893649577,0.6947368421052625,0.01674793324931456,1.0,-0.11698113207547178,-0.143484626647145
603950,2026-04-14,2026-04-15,2026-04,4,4.0,0.0,0.46670261526017787,0.2335600907029478,0.11111111111111116,0.001657153378751497,0.030012888970723628,0.14398821579819554,1.0865779489292768,4.236564352595711,1632880241.0,1.0189937254559502,0.705882352941176,0.0,0.05992647058823519,True,False,True,True,True,59.84,0.037807839056538395,0.10000000000000009,1.0,0.01151678436177006,1.0,0.1309399930627817,0.0897393048128341
603989,2026-06-23,2026-06-24,2026-06,4,5.0,1.0,0.424631173829378,0.3902973395931144,0.4469055374592834,-0.02694414019715219,0.04468784227820377,0.12201533406352684,1.2987710300736528,1.8920625055491431,1963697745.0,0.9641030840008427,0.12567324955116746,0.0,-0.03196758217019369,True,True,True,True,True,48.86,0.13627906976744186,0.09995497523637997,1.0,0.05819557740936698,1.0,0.30232558139534893,0.14613180515759305
605068,2026-07-31,2026-08-03,2026-07,4,8.0,4.0,0.5426742532005691,0.4907216494845361,0.13500784929356358,0.05342399222923766,0.08062166100048573,0.1398737251092763,3.7234600262123196,5.974924503882657,478479095.0,1.0045288645264638,0.6666666666666675,1.0,-0.05947441217150773,True,False,True,True,True,19.52,-0.04313725490196074,-0.10004610419548188,0.0,-0.008900141281698581,0.0,0.0759803921568627,0.12448770491803285
605179,2026-08-04,2026-08-05,2026-08,5,5.0,0.0,0.4907216494845361,0.5114982578397214,0.6761978361669245,0.017832003754106207,-0.061473486625997165,0.15579540122008448,1.0697409208248234,4.783403836124471,898904726.0,0.995905748525345,0.5090361445783136,0.0,0.01567542646380815,True,True,True,True,True,22.15,0.004993191103041195,0.020746887966804906,0.2374100719424473,-0.010838875916765689,1.0,0.03676804357694041,0.031151241534988827
605179,2026-08-14,2026-08-17,2026-08,4,5.0,1.0,0.3971103327495622,0.647392875580795,1.181134654818865,-0.045468142387077415,0.026921926413401076,0.14567753514807064,1.602373373261637,1.0832200357781754,1332805055.0,0.9966929072008959,0.3737166324435318,0.0,0.015982450642431978,True,True,True,True,True,33.57,0.03516347933374453,0.05170792854904427,0.7264150943396231,0.005231416928629828,1.0,0.07186921653300415,0.03515043193327383
605268,2026-03-11,2026-03-12,2026-03,5,5.0,0.0,0.3949652777777779,,,-0.0468564650059311,0.10023724792408073,0.19632265717674974,12.184943809874724,10.493812224822499,859488284.0,0.9893028780366715,0.2507552870090634,1.0,-0.08774113254511517,True,True,True,True,True,14.46,-0.013642564802182733,-0.10018668326073421,0.0,-0.006871189122801935,0.0,-0.11323328785811737,-0.10096818810511765
605286,2026-08-14,2026-08-17,2026-08,4,5.0,1.0,0.3178694158075601,0.39454545454545453,0.3794964028776979,-0.10002933411557646,0.04986799647990603,0.1504840129070109,8.172227588023532,9.352710646636185,588974820.0,0.969649255973286,0.0,0.0,-0.0687744458930899,True,True,True,True,True,29.46,0.031851592579628996,-0.039113428943937434,0.6356275303643729,0.01390421675905329,0.0,-0.1298564928246413,-0.1561439239646979
605366,2026-06-29,2026-06-30,2026-06,4,6.0,2.0,0.4236252545824848,0.3773399014778325,0.2674524025385314,-0.02781641168289295,-0.01251738525730195,0.0973574408901252,0.732681141709658,4.759455649789636,1562428112.0,0.9924547696566279,0.3428571428571431,0.0,-0.02002861230329045,True,True,True,True,True,12.91,-0.05693430656934306,-0.07582260371959948,0.07079646017699116,-0.017704090945140694,0.0,-0.07810218978102179,-0.021688613477924057
